Unnamed: 0,name,raw_org,raw_dest,p,handshake
0,N_10_PL_0.25_R_0.25_V_5,"41, 41, 0, 32, 0, 0, 20, 0, 0, 0","36, 5, 8, 0, 28, 30, 0, 20, 40, 11",1,14
0,N_10_PL_0.25_R_0.25_V_5,"41, 41, 0, 32, 0, 0, 20, 0, 0, 0","36, 5, 8, 0, 28, 30, 0, 20, 40, 11",5,13
0,N_10_PL_0.25_R_0.25_V_5,"41, 41, 0, 32, 0, 0, 20, 0, 0, 0","36, 5, 8, 0, 28, 30, 0, 20, 40, 11",10,13
0,N_10_PL_0.25_R_0.25_V_5,"41, 41, 0, 32, 0, 0, 20, 0, 0, 0","36, 5, 8, 0, 28, 30, 0, 20, 40, 11",20,11
1,N_10_PL_0.25_R_0.25_V_6,"14, 0, 0, 36, 0, 0, 0, 0, 0, 0","41, 12, 14, 41, 5, 18, 8, 37, 21, 20",1,12
1,N_10_PL_0.25_R_0.25_V_6,"14, 0, 0, 36, 0, 0, 0, 0, 0, 0","41, 12, 14, 41, 5, 18, 8, 37, 21, 20",5,12
1,N_10_PL_0.25_R_0.25_V_6,"14, 0, 0, 36, 0, 0, 0, 0, 0, 0","41, 12, 14, 41, 5, 18, 8, 37, 21, 20",10,12
1,N_10_PL_0.25_R_0.25_V_6,"14, 0, 0, 36, 0, 0, 0, 0, 0, 0","41, 12, 14, 41, 5, 18, 8, 37, 21, 20",20,12
2,N_10_PL_0.25_R_0.25_V_7,"0, 0, 0, 41, 34, 0, 0, 0, 1, 0","23, 7, 31, 12, 41, 29, 31, 19, 0, 10",1,13
2,N_10_PL_0.25_R_0.25_V_7,"0, 0, 0, 41, 34, 0, 0, 0, 1, 0","23, 7, 31, 12, 41, 29, 31, 19, 0, 10",5,12
2,N_10_PL_0.25_R_0.25_V_7,"0, 0, 0, 41, 34, 0, 0, 0, 1, 0","23, 7, 31, 12, 41, 29, 31, 19, 0, 10",10,12
2,N_10_PL_0.25_R_0.25_V_7,"0, 0, 0, 41, 34, 0, 0, 0, 1, 0","23, 7, 31, 12, 41, 29, 31, 19, 0, 10",20,11
3,N_10_PL_0.25_R_0.25_V_8,"15, 0, 41, 0, 0, 0, 41, 10, 0, 0","0, 40, 15, 24, 26, 29, 26, 0, 26, 32",1,16
3,N_10_PL_0.25_R_0.25_V_8,"15, 0, 41, 0, 0, 0, 41, 10, 0, 0","0, 40, 15, 24, 26, 29, 26, 0, 26, 32",5,15
3,N_10_PL_0.25_R_0.25_V_8,"15, 0, 41, 0, 0, 0, 41, 10, 0, 0","0, 40, 15, 24, 26, 29, 26, 0, 26, 32",10,15
3,N_10_PL_0.25_R_0.25_V_8,"15, 0, 41, 0, 0, 0, 41, 10, 0, 0","0, 40, 15, 24, 26, 29, 26, 0, 26, 32",20,15
4,N_10_PL_0.25_R_0.25_V_9,"2, 10, 0, 41, 0, 0, 0, 0, 0, 0","0, 41, 26, 12, 25, 17, 20, 16, 33, 16",1,13
4,N_10_PL_0.25_R_0.25_V_9,"2, 10, 0, 41, 0, 0, 0, 0, 0, 0","0, 41, 26, 12, 25, 17, 20, 16, 33, 16",5,13
4,N_10_PL_0.25_R_0.25_V_9,"2, 10, 0, 41, 0, 0, 0, 0, 0, 0","0, 41, 26, 12, 25, 17, 20, 16, 33, 16",10,13
4,N_10_PL_0.25_R_0.25_V_9,"2, 10, 0, 41, 0, 0, 0, 0, 0, 0","0, 41, 26, 12, 25, 17, 20, 16, 33, 16",20,12
5,N_10_PL_0.25_R_0.5_V_5,"9, 24, 8, 8, 0, 34, 0, 41, 0, 0","41, 0, 0, 0, 2, 0, 10, 37, 38, 31",1,16
5,N_10_PL_0.25_R_0.5_V_5,"9, 24, 8, 8, 0, 34, 0, 41, 0, 0","41, 0, 0, 0, 2, 0, 10, 37, 38, 31",5,14
5,N_10_PL_0.25_R_0.5_V_5,"9, 24, 8, 8, 0, 34, 0, 41, 0, 0","41, 0, 0, 0, 2, 0, 10, 37, 38, 31",10,12
5,N_10_PL_0.25_R_0.5_V_5,"9, 24, 8, 8, 0, 34, 0, 41, 0, 0","41, 0, 0, 0, 2, 0, 10, 37, 38, 31",20,10
6,N_10_PL_0.25_R_0.5_V_6,"23, 10, 0, 8, 5, 0, 41, 26, 0, 0","0, 0, 32, 41, 0, 39, 15, 0, 26, 35",1,18
6,N_10_PL_0.25_R_0.5_V_6,"23, 10, 0, 8, 5, 0, 41, 26, 0, 0","0, 0, 32, 41, 0, 39, 15, 0, 26, 35",5,17
6,N_10_PL_0.25_R_0.5_V_6,"23, 10, 0, 8, 5, 0, 41, 26, 0, 0","0, 0, 32, 41, 0, 39, 15, 0, 26, 35",10,17
6,N_10_PL_0.25_R_0.5_V_6,"23, 10, 0, 8, 5, 0, 41, 26, 0, 0","0, 0, 32, 41, 0, 39, 15, 0, 26, 35",20,15
7,N_10_PL_0.25_R_0.5_V_7,"23, 8, 0, 1, 0, 19, 41, 0, 0, 3","41, 0, 24, 0, 18, 0, 3, 23, 39, 0",1,16
7,N_10_PL_0.25_R_0.5_V_7,"23, 8, 0, 1, 0, 19, 41, 0, 0, 3","41, 0, 24, 0, 18, 0, 3, 23, 39, 0",5,15
7,N_10_PL_0.25_R_0.5_V_7,"23, 8, 0, 1, 0, 19, 41, 0, 0, 3","41, 0, 24, 0, 18, 0, 3, 23, 39, 0",10,14
7,N_10_PL_0.25_R_0.5_V_7,"23, 8, 0, 1, 0, 19, 41, 0, 0, 3","41, 0, 24, 0, 18, 0, 3, 23, 39, 0",20,10
8,N_10_PL_0.25_R_0.5_V_8,"13, 0, 2, 41, 41, 0, 29, 32, 40, 0","0, 30, 0, 7, 33, 34, 0, 0, 0, 15",1,16
8,N_10_PL_0.25_R_0.5_V_8,"13, 0, 2, 41, 41, 0, 29, 32, 40, 0","0, 30, 0, 7, 33, 34, 0, 0, 0, 15",5,15
8,N_10_PL_0.25_R_0.5_V_8,"13, 0, 2, 41, 41, 0, 29, 32, 40, 0","0, 30, 0, 7, 33, 34, 0, 0, 0, 15",10,15
8,N_10_PL_0.25_R_0.5_V_8,"13, 0, 2, 41, 41, 0, 29, 32, 40, 0","0, 30, 0, 7, 33, 34, 0, 0, 0, 15",20,14
9,N_10_PL_0.25_R_0.5_V_9,"0, 17, 15, 35, 0, 38, 0, 0, 11, 41","4, 0, 41, 0, 17, 0, 30, 18, 0, 24",1,15
9,N_10_PL_0.25_R_0.5_V_9,"0, 17, 15, 35, 0, 38, 0, 0, 11, 41","4, 0, 41, 0, 17, 0, 30, 18, 0, 24",5,15
9,N_10_PL_0.25_R_0.5_V_9,"0, 17, 15, 35, 0, 38, 0, 0, 11, 41","4, 0, 41, 0, 17, 0, 30, 18, 0, 24",10,15
9,N_10_PL_0.25_R_0.5_V_9,"0, 17, 15, 35, 0, 38, 0, 0, 11, 41","4, 0, 41, 0, 17, 0, 30, 18, 0, 24",20,15
10,N_10_PL_0.25_R_0.75_V_5,"0, 5, 7, 0, 0, 24, 1, 40, 8, 28","14, 0, 0, 11, 26, 41, 0, 41, 0, 0",1,10
10,N_10_PL_0.25_R_0.75_V_5,"0, 5, 7, 0, 0, 24, 1, 40, 8, 28","14, 0, 0, 11, 26, 41, 0, 41, 0, 0",5,9
10,N_10_PL_0.25_R_0.75_V_5,"0, 5, 7, 0, 0, 24, 1, 40, 8, 28","14, 0, 0, 11, 26, 41, 0, 41, 0, 0",10,8
10,N_10_PL_0.25_R_0.75_V_5,"0, 5, 7, 0, 0, 24, 1, 40, 8, 28","14, 0, 0, 11, 26, 41, 0, 41, 0, 0",20,8
11,N_10_PL_0.25_R_0.75_V_6,"27, 36, 0, 0, 31, 0, 7, 4, 6, 19","0, 41, 17, 39, 41, 18, 0, 0, 0, 0",1,13
11,N_10_PL_0.25_R_0.75_V_6,"27, 36, 0, 0, 31, 0, 7, 4, 6, 19","0, 41, 17, 39, 41, 18, 0, 0, 0, 0",5,12
11,N_10_PL_0.25_R_0.75_V_6,"27, 36, 0, 0, 31, 0, 7, 4, 6, 19","0, 41, 17, 39, 41, 18, 0, 0, 0, 0",10,12
11,N_10_PL_0.25_R_0.75_V_6,"27, 36, 0, 0, 31, 0, 7, 4, 6, 19","0, 41, 17, 39, 41, 18, 0, 0, 0, 0",20,10
12,N_10_PL_0.25_R_0.75_V_7,"0, 33, 36, 23, 26, 0, 1, 0, 36, 30","33, 0, 41, 0, 0, 38, 41, 12, 0, 0",1,17
12,N_10_PL_0.25_R_0.75_V_7,"0, 33, 36, 23, 26, 0, 1, 0, 36, 30","33, 0, 41, 0, 0, 38, 41, 12, 0, 0",5,17
12,N_10_PL_0.25_R_0.75_V_7,"0, 33, 36, 23, 26, 0, 1, 0, 36, 30","33, 0, 41, 0, 0, 38, 41, 12, 0, 0",10,17
12,N_10_PL_0.25_R_0.75_V_7,"0, 33, 36, 23, 26, 0, 1, 0, 36, 30","33, 0, 41, 0, 0, 38, 41, 12, 0, 0",20,17
13,N_10_PL_0.25_R_0.75_V_8,"2, 41, 5, 36, 41, 29, 0, 13, 25, 30","0, 17, 0, 0, 14, 0, 20, 0, 0, 0",1,16
13,N_10_PL_0.25_R_0.75_V_8,"2, 41, 5, 36, 41, 29, 0, 13, 25, 30","0, 17, 0, 0, 14, 0, 20, 0, 0, 0",5,16
13,N_10_PL_0.25_R_0.75_V_8,"2, 41, 5, 36, 41, 29, 0, 13, 25, 30","0, 17, 0, 0, 14, 0, 20, 0, 0, 0",10,15
13,N_10_PL_0.25_R_0.75_V_8,"2, 41, 5, 36, 41, 29, 0, 13, 25, 30","0, 17, 0, 0, 14, 0, 20, 0, 0, 0",20,14
14,N_10_PL_0.25_R_0.75_V_9,"22, 7, 0, 0, 38, 41, 14, 30, 17, 23","0, 0, 31, 5, 0, 2, 0, 41, 0, 0",1,11
14,N_10_PL_0.25_R_0.75_V_9,"22, 7, 0, 0, 38, 41, 14, 30, 17, 23","0, 0, 31, 5, 0, 2, 0, 41, 0, 0",5,11
14,N_10_PL_0.25_R_0.75_V_9,"22, 7, 0, 0, 38, 41, 14, 30, 17, 23","0, 0, 31, 5, 0, 2, 0, 41, 0, 0",10,11
14,N_10_PL_0.25_R_0.75_V_9,"22, 7, 0, 0, 38, 41, 14, 30, 17, 23","0, 0, 31, 5, 0, 2, 0, 41, 0, 0",20,10
15,N_10_PL_0.5_R_0.25_V_5,"18, 41, 41, 0, 0, 36, 0, 0, 0, 41","41, 30, 14, 7, 1, 41, 5, 28, 38, 1",1,21
15,N_10_PL_0.5_R_0.25_V_5,"18, 41, 41, 0, 0, 36, 0, 0, 0, 41","41, 30, 14, 7, 1, 41, 5, 28, 38, 1",5,21
15,N_10_PL_0.5_R_0.25_V_5,"18, 41, 41, 0, 0, 36, 0, 0, 0, 41","41, 30, 14, 7, 1, 41, 5, 28, 38, 1",10,20
15,N_10_PL_0.5_R_0.25_V_5,"18, 41, 41, 0, 0, 36, 0, 0, 0, 41","41, 30, 14, 7, 1, 41, 5, 28, 38, 1",20,18
16,N_10_PL_0.5_R_0.25_V_6,"16, 11, 0, 41, 41, 41, 0, 41, 41, 0","0, 0, 37, 1, 35, 34, 36, 22, 27, 12",1,23
16,N_10_PL_0.5_R_0.25_V_6,"16, 11, 0, 41, 41, 41, 0, 41, 41, 0","0, 0, 37, 1, 35, 34, 36, 22, 27, 12",5,22
16,N_10_PL_0.5_R_0.25_V_6,"16, 11, 0, 41, 41, 41, 0, 41, 41, 0","0, 0, 37, 1, 35, 34, 36, 22, 27, 12",10,22
16,N_10_PL_0.5_R_0.25_V_6,"16, 11, 0, 41, 41, 41, 0, 41, 41, 0","0, 0, 37, 1, 35, 34, 36, 22, 27, 12",20,23
17,N_10_PL_0.5_R_0.25_V_7,"41, 0, 41, 41, 34, 0, 18, 41, 0, 0","17, 25, 39, 15, 0, 19, 41, 31, 19, 32",1,19
17,N_10_PL_0.5_R_0.25_V_7,"41, 0, 41, 41, 34, 0, 18, 41, 0, 0","17, 25, 39, 15, 0, 19, 41, 31, 19, 32",5,19
17,N_10_PL_0.5_R_0.25_V_7,"41, 0, 41, 41, 34, 0, 18, 41, 0, 0","17, 25, 39, 15, 0, 19, 41, 31, 19, 32",10,19
17,N_10_PL_0.5_R_0.25_V_7,"41, 0, 41, 41, 34, 0, 18, 41, 0, 0","17, 25, 39, 15, 0, 19, 41, 31, 19, 32",20,19
18,N_10_PL_0.5_R_0.25_V_8,"41, 0, 41, 37, 41, 0, 41, 0, 0, 3","28, 11, 3, 41, 28, 12, 3, 5, 33, 0",1,22
18,N_10_PL_0.5_R_0.25_V_8,"41, 0, 41, 37, 41, 0, 41, 0, 0, 3","28, 11, 3, 41, 28, 12, 3, 5, 33, 0",5,20
18,N_10_PL_0.5_R_0.25_V_8,"41, 0, 41, 37, 41, 0, 41, 0, 0, 3","28, 11, 3, 41, 28, 12, 3, 5, 33, 0",10,19
18,N_10_PL_0.5_R_0.25_V_8,"41, 0, 41, 37, 41, 0, 41, 0, 0, 3","28, 11, 3, 41, 28, 12, 3, 5, 33, 0",20,16
19,N_10_PL_0.5_R_0.25_V_9,"0, 0, 41, 41, 33, 41, 41, 39, 0, 0","37, 10, 18, 37, 41, 24, 1, 0, 23, 34",1,22
19,N_10_PL_0.5_R_0.25_V_9,"0, 0, 41, 41, 33, 41, 41, 39, 0, 0","37, 10, 18, 37, 41, 24, 1, 0, 23, 34",5,23
19,N_10_PL_0.5_R_0.25_V_9,"0, 0, 41, 41, 33, 41, 41, 39, 0, 0","37, 10, 18, 37, 41, 24, 1, 0, 23, 34",10,24
19,N_10_PL_0.5_R_0.25_V_9,"0, 0, 41, 41, 33, 41, 41, 39, 0, 0","37, 10, 18, 37, 41, 24, 1, 0, 23, 34",20,24
20,N_10_PL_0.5_R_0.5_V_5,"12, 41, 41, 17, 0, 41, 5, 14, 37, 0","0, 39, 4, 41, 17, 36, 41, 0, 0, 24",1,17
20,N_10_PL_0.5_R_0.5_V_5,"12, 41, 41, 17, 0, 41, 5, 14, 37, 0","0, 39, 4, 41, 17, 36, 41, 0, 0, 24",5,17
20,N_10_PL_0.5_R_0.5_V_5,"12, 41, 41, 17, 0, 41, 5, 14, 37, 0","0, 39, 4, 41, 17, 36, 41, 0, 0, 24",10,17
20,N_10_PL_0.5_R_0.5_V_5,"12, 41, 41, 17, 0, 41, 5, 14, 37, 0","0, 39, 4, 41, 17, 36, 41, 0, 0, 24",20,17
21,N_10_PL_0.5_R_0.5_V_6,"24, 15, 41, 41, 20, 20, 0, 36, 41, 0","0, 0, 34, 9, 41, 41, 15, 0, 7, 3",1,17
21,N_10_PL_0.5_R_0.5_V_6,"24, 15, 41, 41, 20, 20, 0, 36, 41, 0","0, 0, 34, 9, 41, 41, 15, 0, 7, 3",5,17
21,N_10_PL_0.5_R_0.5_V_6,"24, 15, 41, 41, 20, 20, 0, 36, 41, 0","0, 0, 34, 9, 41, 41, 15, 0, 7, 3",10,17
21,N_10_PL_0.5_R_0.5_V_6,"24, 15, 41, 41, 20, 20, 0, 36, 41, 0","0, 0, 34, 9, 41, 41, 15, 0, 7, 3",20,17
22,N_10_PL_0.5_R_0.5_V_7,"0, 10, 7, 5, 41, 31, 23, 0, 41, 41","27, 0, 0, 41, 21, 41, 0, 36, 34, 29",1,20
22,N_10_PL_0.5_R_0.5_V_7,"0, 10, 7, 5, 41, 31, 23, 0, 41, 41","27, 0, 0, 41, 21, 41, 0, 36, 34, 29",5,21
22,N_10_PL_0.5_R_0.5_V_7,"0, 10, 7, 5, 41, 31, 23, 0, 41, 41","27, 0, 0, 41, 21, 41, 0, 36, 34, 29",10,22
22,N_10_PL_0.5_R_0.5_V_7,"0, 10, 7, 5, 41, 31, 23, 0, 41, 41","27, 0, 0, 41, 21, 41, 0, 36, 34, 29",20,23
23,N_10_PL_0.5_R_0.5_V_8,"0, 4, 41, 20, 0, 0, 41, 14, 30, 23","9, 0, 38, 0, 24, 26, 15, 41, 41, 41",1,23
23,N_10_PL_0.5_R_0.5_V_8,"0, 4, 41, 20, 0, 0, 41, 14, 30, 23","9, 0, 38, 0, 24, 26, 15, 41, 41, 41",5,23
23,N_10_PL_0.5_R_0.5_V_8,"0, 4, 41, 20, 0, 0, 41, 14, 30, 23","9, 0, 38, 0, 24, 26, 15, 41, 41, 41",10,23
23,N_10_PL_0.5_R_0.5_V_8,"0, 4, 41, 20, 0, 0, 41, 14, 30, 23","9, 0, 38, 0, 24, 26, 15, 41, 41, 41",20,23
24,N_10_PL_0.5_R_0.5_V_9,"0, 29, 32, 41, 16, 30, 25, 0, 41, 0","27, 41, 0, 2, 41, 41, 0, 5, 12, 20",1,20
24,N_10_PL_0.5_R_0.5_V_9,"0, 29, 32, 41, 16, 30, 25, 0, 41, 0","27, 41, 0, 2, 41, 41, 0, 5, 12, 20",5,20
24,N_10_PL_0.5_R_0.5_V_9,"0, 29, 32, 41, 16, 30, 25, 0, 41, 0","27, 41, 0, 2, 41, 41, 0, 5, 12, 20",10,20
24,N_10_PL_0.5_R_0.5_V_9,"0, 29, 32, 41, 16, 30, 25, 0, 41, 0","27, 41, 0, 2, 41, 41, 0, 5, 12, 20",20,20
25,N_10_PL_0.5_R_0.75_V_5,"35, 19, 41, 41, 24, 40, 41, 38, 21, 35","0, 41, 3, 5, 0, 0, 31, 0, 0, 41",1,18
25,N_10_PL_0.5_R_0.75_V_5,"35, 19, 41, 41, 24, 40, 41, 38, 21, 35","0, 41, 3, 5, 0, 0, 31, 0, 0, 41",5,19
25,N_10_PL_0.5_R_0.75_V_5,"35, 19, 41, 41, 24, 40, 41, 38, 21, 35","0, 41, 3, 5, 0, 0, 31, 0, 0, 41",10,19
25,N_10_PL_0.5_R_0.75_V_5,"35, 19, 41, 41, 24, 40, 41, 38, 21, 35","0, 41, 3, 5, 0, 0, 31, 0, 0, 41",20,21
26,N_10_PL_0.5_R_0.75_V_6,"5, 30, 34, 36, 0, 39, 41, 41, 17, 25","0, 41, 41, 0, 38, 0, 30, 7, 41, 0",1,19
26,N_10_PL_0.5_R_0.75_V_6,"5, 30, 34, 36, 0, 39, 41, 41, 17, 25","0, 41, 41, 0, 38, 0, 30, 7, 41, 0",5,21
26,N_10_PL_0.5_R_0.75_V_6,"5, 30, 34, 36, 0, 39, 41, 41, 17, 25","0, 41, 41, 0, 38, 0, 30, 7, 41, 0",10,22
26,N_10_PL_0.5_R_0.75_V_6,"5, 30, 34, 36, 0, 39, 41, 41, 17, 25","0, 41, 41, 0, 38, 0, 30, 7, 41, 0",20,25
27,N_10_PL_0.5_R_0.75_V_7,"17, 41, 30, 41, 41, 32, 3, 37, 6, 19","0, 36, 41, 10, 39, 0, 0, 41, 0, 0",1,14
27,N_10_PL_0.5_R_0.75_V_7,"17, 41, 30, 41, 41, 32, 3, 37, 6, 19","0, 36, 41, 10, 39, 0, 0, 41, 0, 0",5,15
27,N_10_PL_0.5_R_0.75_V_7,"17, 41, 30, 41, 41, 32, 3, 37, 6, 19","0, 36, 41, 10, 39, 0, 0, 41, 0, 0",10,16
27,N_10_PL_0.5_R_0.75_V_7,"17, 41, 30, 41, 41, 32, 3, 37, 6, 19","0, 36, 41, 10, 39, 0, 0, 41, 0, 0",20,17
28,N_10_PL_0.5_R_0.75_V_8,"8, 41, 38, 5, 38, 11, 12, 29, 41, 41","41, 15, 0, 41, 0, 0, 0, 0, 35, 5",1,18
28,N_10_PL_0.5_R_0.75_V_8,"8, 41, 38, 5, 38, 11, 12, 29, 41, 41","41, 15, 0, 41, 0, 0, 0, 0, 35, 5",5,17
28,N_10_PL_0.5_R_0.75_V_8,"8, 41, 38, 5, 38, 11, 12, 29, 41, 41","41, 15, 0, 41, 0, 0, 0, 0, 35, 5",10,17
28,N_10_PL_0.5_R_0.75_V_8,"8, 41, 38, 5, 38, 11, 12, 29, 41, 41","41, 15, 0, 41, 0, 0, 0, 0, 35, 5",20,16
29,N_10_PL_0.5_R_0.75_V_9,"14, 27, 8, 18, 41, 19, 1, 0, 36, 0","0, 41, 0, 0, 4, 41, 41, 8, 41, 22",1,20
29,N_10_PL_0.5_R_0.75_V_9,"14, 27, 8, 18, 41, 19, 1, 0, 36, 0","0, 41, 0, 0, 4, 41, 41, 8, 41, 22",5,19
29,N_10_PL_0.5_R_0.75_V_9,"14, 27, 8, 18, 41, 19, 1, 0, 36, 0","0, 41, 0, 0, 4, 41, 41, 8, 41, 22",10,19
29,N_10_PL_0.5_R_0.75_V_9,"14, 27, 8, 18, 41, 19, 1, 0, 36, 0","0, 41, 0, 0, 4, 41, 41, 8, 41, 22",20,18
30,N_25_PL_0.25_R_0.25_V_5,"28, 0, 41, 0, 36, 0, 0, 0, 41, 0, 0, 0, 0, 41, 11, 0, 0, 3, 16, 41, 0, 0, 0, 19, 0","41, 36, 30, 2, 0, 28, 20, 5, 32, 4, 23, 17, 28, 14, 0, 14, 29, 41, 0, 7, 12, 33, 15, 0, 31",1,14
30,N_25_PL_0.25_R_0.25_V_5,"28, 0, 41, 0, 36, 0, 0, 0, 41, 0, 0, 0, 0, 41, 11, 0, 0, 3, 16, 41, 0, 0, 0, 19, 0","41, 36, 30, 2, 0, 28, 20, 5, 32, 4, 23, 17, 28, 14, 0, 14, 29, 41, 0, 7, 12, 33, 15, 0, 31",5,13
30,N_25_PL_0.25_R_0.25_V_5,"28, 0, 41, 0, 36, 0, 0, 0, 41, 0, 0, 0, 0, 41, 11, 0, 0, 3, 16, 41, 0, 0, 0, 19, 0","41, 36, 30, 2, 0, 28, 20, 5, 32, 4, 23, 17, 28, 14, 0, 14, 29, 41, 0, 7, 12, 33, 15, 0, 31",10,13
30,N_25_PL_0.25_R_0.25_V_5,"28, 0, 41, 0, 36, 0, 0, 0, 41, 0, 0, 0, 0, 41, 11, 0, 0, 3, 16, 41, 0, 0, 0, 19, 0","41, 36, 30, 2, 0, 28, 20, 5, 32, 4, 23, 17, 28, 14, 0, 14, 29, 41, 0, 7, 12, 33, 15, 0, 31",20,14
31,N_25_PL_0.25_R_0.25_V_6,"41, 0, 41, 0, 0, 0, 0, 0, 0, 12, 0, 0, 0, 0, 0, 0, 30, 41, 39, 31, 0, 41, 37, 12, 0","4, 17, 18, 19, 28, 11, 30, 24, 26, 41, 30, 22, 38, 8, 8, 8, 41, 34, 0, 0, 11, 30, 0, 0, 13",1,13
31,N_25_PL_0.25_R_0.25_V_6,"41, 0, 41, 0, 0, 0, 0, 0, 0, 12, 0, 0, 0, 0, 0, 0, 30, 41, 39, 31, 0, 41, 37, 12, 0","4, 17, 18, 19, 28, 11, 30, 24, 26, 41, 30, 22, 38, 8, 8, 8, 41, 34, 0, 0, 11, 30, 0, 0, 13",5,13
31,N_25_PL_0.25_R_0.25_V_6,"41, 0, 41, 0, 0, 0, 0, 0, 0, 12, 0, 0, 0, 0, 0, 0, 30, 41, 39, 31, 0, 41, 37, 12, 0","4, 17, 18, 19, 28, 11, 30, 24, 26, 41, 30, 22, 38, 8, 8, 8, 41, 34, 0, 0, 11, 30, 0, 0, 13",10,13
31,N_25_PL_0.25_R_0.25_V_6,"41, 0, 41, 0, 0, 0, 0, 0, 0, 12, 0, 0, 0, 0, 0, 0, 30, 41, 39, 31, 0, 41, 37, 12, 0","4, 17, 18, 19, 28, 11, 30, 24, 26, 41, 30, 22, 38, 8, 8, 8, 41, 34, 0, 0, 11, 30, 0, 0, 13",20,12
32,N_25_PL_0.25_R_0.25_V_7,"0, 0, 41, 0, 0, 41, 19, 0, 0, 6, 0, 0, 18, 0, 41, 0, 0, 41, 39, 31, 0, 0, 0, 41, 14","35, 6, 9, 29, 35, 40, 0, 6, 26, 0, 13, 30, 0, 4, 16, 9, 21, 37, 0, 0, 4, 22, 30, 18, 41",1,15
32,N_25_PL_0.25_R_0.25_V_7,"0, 0, 41, 0, 0, 41, 19, 0, 0, 6, 0, 0, 18, 0, 41, 0, 0, 41, 39, 31, 0, 0, 0, 41, 14","35, 6, 9, 29, 35, 40, 0, 6, 26, 0, 13, 30, 0, 4, 16, 9, 21, 37, 0, 0, 4, 22, 30, 18, 41",5,14
32,N_25_PL_0.25_R_0.25_V_7,"0, 0, 41, 0, 0, 41, 19, 0, 0, 6, 0, 0, 18, 0, 41, 0, 0, 41, 39, 31, 0, 0, 0, 41, 14","35, 6, 9, 29, 35, 40, 0, 6, 26, 0, 13, 30, 0, 4, 16, 9, 21, 37, 0, 0, 4, 22, 30, 18, 41",10,14
32,N_25_PL_0.25_R_0.25_V_7,"0, 0, 41, 0, 0, 41, 19, 0, 0, 6, 0, 0, 18, 0, 41, 0, 0, 41, 39, 31, 0, 0, 0, 41, 14","35, 6, 9, 29, 35, 40, 0, 6, 26, 0, 13, 30, 0, 4, 16, 9, 21, 37, 0, 0, 4, 22, 30, 18, 41",20,13
33,N_25_PL_0.25_R_0.25_V_8,"1, 11, 0, 0, 35, 41, 0, 0, 0, 41, 41, 29, 0, 0, 0, 18, 0, 41, 0, 41, 0, 0, 3, 41, 0","0, 0, 3, 40, 0, 32, 34, 37, 2, 6, 39, 0, 7, 12, 28, 0, 11, 33, 30, 19, 21, 33, 0, 34, 39",1,16
33,N_25_PL_0.25_R_0.25_V_8,"1, 11, 0, 0, 35, 41, 0, 0, 0, 41, 41, 29, 0, 0, 0, 18, 0, 41, 0, 41, 0, 0, 3, 41, 0","0, 0, 3, 40, 0, 32, 34, 37, 2, 6, 39, 0, 7, 12, 28, 0, 11, 33, 30, 19, 21, 33, 0, 34, 39",5,15
33,N_25_PL_0.25_R_0.25_V_8,"1, 11, 0, 0, 35, 41, 0, 0, 0, 41, 41, 29, 0, 0, 0, 18, 0, 41, 0, 41, 0, 0, 3, 41, 0","0, 0, 3, 40, 0, 32, 34, 37, 2, 6, 39, 0, 7, 12, 28, 0, 11, 33, 30, 19, 21, 33, 0, 34, 39",10,14
33,N_25_PL_0.25_R_0.25_V_8,"1, 11, 0, 0, 35, 41, 0, 0, 0, 41, 41, 29, 0, 0, 0, 18, 0, 41, 0, 41, 0, 0, 3, 41, 0","0, 0, 3, 40, 0, 32, 34, 37, 2, 6, 39, 0, 7, 12, 28, 0, 11, 33, 30, 19, 21, 33, 0, 34, 39",20,12
34,N_25_PL_0.25_R_0.25_V_9,"0, 0, 41, 19, 0, 25, 0, 32, 0, 0, 0, 41, 0, 20, 41, 0, 0, 0, 37, 0, 0, 0, 41, 7, 0","18, 15, 40, 0, 26, 0, 23, 41, 9, 12, 21, 5, 36, 0, 39, 13, 5, 16, 41, 37, 15, 33, 36, 0, 26",1,12
34,N_25_PL_0.25_R_0.25_V_9,"0, 0, 41, 19, 0, 25, 0, 32, 0, 0, 0, 41, 0, 20, 41, 0, 0, 0, 37, 0, 0, 0, 41, 7, 0","18, 15, 40, 0, 26, 0, 23, 41, 9, 12, 21, 5, 36, 0, 39, 13, 5, 16, 41, 37, 15, 33, 36, 0, 26",5,12
34,N_25_PL_0.25_R_0.25_V_9,"0, 0, 41, 19, 0, 25, 0, 32, 0, 0, 0, 41, 0, 20, 41, 0, 0, 0, 37, 0, 0, 0, 41, 7, 0","18, 15, 40, 0, 26, 0, 23, 41, 9, 12, 21, 5, 36, 0, 39, 13, 5, 16, 41, 37, 15, 33, 36, 0, 26",10,12
34,N_25_PL_0.25_R_0.25_V_9,"0, 0, 41, 19, 0, 25, 0, 32, 0, 0, 0, 41, 0, 20, 41, 0, 0, 0, 37, 0, 0, 0, 41, 7, 0","18, 15, 40, 0, 26, 0, 23, 41, 9, 12, 21, 5, 36, 0, 39, 13, 5, 16, 41, 37, 15, 33, 36, 0, 26",20,13
35,N_25_PL_0.25_R_0.5_V_5,"12, 30, 41, 39, 12, 41, 0, 0, 0, 35, 0, 25, 0, 0, 3, 41, 12, 0, 0, 38, 41, 31, 29, 41, 10","0, 0, 33, 0, 0, 23, 12, 15, 26, 0, 25, 0, 14, 19, 0, 35, 0, 8, 39, 0, 34, 41, 0, 28, 0",1,15
35,N_25_PL_0.25_R_0.5_V_5,"12, 30, 41, 39, 12, 41, 0, 0, 0, 35, 0, 25, 0, 0, 3, 41, 12, 0, 0, 38, 41, 31, 29, 41, 10","0, 0, 33, 0, 0, 23, 12, 15, 26, 0, 25, 0, 14, 19, 0, 35, 0, 8, 39, 0, 34, 41, 0, 28, 0",5,15
35,N_25_PL_0.25_R_0.5_V_5,"12, 30, 41, 39, 12, 41, 0, 0, 0, 35, 0, 25, 0, 0, 3, 41, 12, 0, 0, 38, 41, 31, 29, 41, 10","0, 0, 33, 0, 0, 23, 12, 15, 26, 0, 25, 0, 14, 19, 0, 35, 0, 8, 39, 0, 34, 41, 0, 28, 0",10,14
35,N_25_PL_0.25_R_0.5_V_5,"12, 30, 41, 39, 12, 41, 0, 0, 0, 35, 0, 25, 0, 0, 3, 41, 12, 0, 0, 38, 41, 31, 29, 41, 10","0, 0, 33, 0, 0, 23, 12, 15, 26, 0, 25, 0, 14, 19, 0, 35, 0, 8, 39, 0, 34, 41, 0, 28, 0",20,14
36,N_25_PL_0.25_R_0.5_V_6,"7, 7, 0, 0, 12, 10, 0, 0, 0, 24, 34, 0, 0, 28, 13, 25, 41, 0, 15, 15, 0, 0, 0, 4, 0","41, 0, 24, 27, 0, 0, 3, 34, 3, 41, 41, 33, 1, 41, 0, 41, 29, 16, 0, 0, 19, 21, 32, 0, 25",1,16
36,N_25_PL_0.25_R_0.5_V_6,"7, 7, 0, 0, 12, 10, 0, 0, 0, 24, 34, 0, 0, 28, 13, 25, 41, 0, 15, 15, 0, 0, 0, 4, 0","41, 0, 24, 27, 0, 0, 3, 34, 3, 41, 41, 33, 1, 41, 0, 41, 29, 16, 0, 0, 19, 21, 32, 0, 25",5,15
36,N_25_PL_0.25_R_0.5_V_6,"7, 7, 0, 0, 12, 10, 0, 0, 0, 24, 34, 0, 0, 28, 13, 25, 41, 0, 15, 15, 0, 0, 0, 4, 0","41, 0, 24, 27, 0, 0, 3, 34, 3, 41, 41, 33, 1, 41, 0, 41, 29, 16, 0, 0, 19, 21, 32, 0, 25",10,15
36,N_25_PL_0.25_R_0.5_V_6,"7, 7, 0, 0, 12, 10, 0, 0, 0, 24, 34, 0, 0, 28, 13, 25, 41, 0, 15, 15, 0, 0, 0, 4, 0","41, 0, 24, 27, 0, 0, 3, 34, 3, 41, 41, 33, 1, 41, 0, 41, 29, 16, 0, 0, 19, 21, 32, 0, 25",20,13
37,N_25_PL_0.25_R_0.5_V_7,"38, 0, 0, 41, 22, 41, 20, 0, 40, 0, 0, 6, 0, 33, 0, 8, 31, 0, 24, 3, 10, 0, 0, 0, 22","0, 38, 27, 35, 41, 35, 0, 25, 0, 22, 40, 41, 2, 0, 8, 41, 0, 28, 0, 0, 41, 29, 14, 27, 0",1,18
37,N_25_PL_0.25_R_0.5_V_7,"38, 0, 0, 41, 22, 41, 20, 0, 40, 0, 0, 6, 0, 33, 0, 8, 31, 0, 24, 3, 10, 0, 0, 0, 22","0, 38, 27, 35, 41, 35, 0, 25, 0, 22, 40, 41, 2, 0, 8, 41, 0, 28, 0, 0, 41, 29, 14, 27, 0",5,18
37,N_25_PL_0.25_R_0.5_V_7,"38, 0, 0, 41, 22, 41, 20, 0, 40, 0, 0, 6, 0, 33, 0, 8, 31, 0, 24, 3, 10, 0, 0, 0, 22","0, 38, 27, 35, 41, 35, 0, 25, 0, 22, 40, 41, 2, 0, 8, 41, 0, 28, 0, 0, 41, 29, 14, 27, 0",10,18
37,N_25_PL_0.25_R_0.5_V_7,"38, 0, 0, 41, 22, 41, 20, 0, 40, 0, 0, 6, 0, 33, 0, 8, 31, 0, 24, 3, 10, 0, 0, 0, 22","0, 38, 27, 35, 41, 35, 0, 25, 0, 22, 40, 41, 2, 0, 8, 41, 0, 28, 0, 0, 41, 29, 14, 27, 0",20,18
38,N_25_PL_0.25_R_0.5_V_8,"0, 40, 0, 5, 0, 0, 32, 41, 27, 0, 1, 6, 3, 0, 0, 0, 0, 15, 5, 41, 0, 20, 0, 16, 27","37, 0, 4, 0, 15, 21, 0, 3, 41, 31, 41, 0, 0, 40, 17, 7, 8, 41, 0, 8, 27, 0, 30, 0, 41",1,16
38,N_25_PL_0.25_R_0.5_V_8,"0, 40, 0, 5, 0, 0, 32, 41, 27, 0, 1, 6, 3, 0, 0, 0, 0, 15, 5, 41, 0, 20, 0, 16, 27","37, 0, 4, 0, 15, 21, 0, 3, 41, 31, 41, 0, 0, 40, 17, 7, 8, 41, 0, 8, 27, 0, 30, 0, 41",5,15
38,N_25_PL_0.25_R_0.5_V_8,"0, 40, 0, 5, 0, 0, 32, 41, 27, 0, 1, 6, 3, 0, 0, 0, 0, 15, 5, 41, 0, 20, 0, 16, 27","37, 0, 4, 0, 15, 21, 0, 3, 41, 31, 41, 0, 0, 40, 17, 7, 8, 41, 0, 8, 27, 0, 30, 0, 41",10,15
38,N_25_PL_0.25_R_0.5_V_8,"0, 40, 0, 5, 0, 0, 32, 41, 27, 0, 1, 6, 3, 0, 0, 0, 0, 15, 5, 41, 0, 20, 0, 16, 27","37, 0, 4, 0, 15, 21, 0, 3, 41, 31, 41, 0, 0, 40, 17, 7, 8, 41, 0, 8, 27, 0, 30, 0, 41",20,12
39,N_25_PL_0.25_R_0.5_V_9,"1, 21, 0, 29, 0, 39, 18, 0, 37, 25, 0, 0, 0, 0, 41, 31, 41, 0, 0, 1, 0, 9, 7, 41, 12","0, 0, 8, 0, 12, 41, 41, 19, 0, 0, 13, 28, 27, 20, 39, 41, 39, 25, 16, 0, 18, 0, 0, 24, 0",1,12
39,N_25_PL_0.25_R_0.5_V_9,"1, 21, 0, 29, 0, 39, 18, 0, 37, 25, 0, 0, 0, 0, 41, 31, 41, 0, 0, 1, 0, 9, 7, 41, 12","0, 0, 8, 0, 12, 41, 41, 19, 0, 0, 13, 28, 27, 20, 39, 41, 39, 25, 16, 0, 18, 0, 0, 24, 0",5,12
39,N_25_PL_0.25_R_0.5_V_9,"1, 21, 0, 29, 0, 39, 18, 0, 37, 25, 0, 0, 0, 0, 41, 31, 41, 0, 0, 1, 0, 9, 7, 41, 12","0, 0, 8, 0, 12, 41, 41, 19, 0, 0, 13, 28, 27, 20, 39, 41, 39, 25, 16, 0, 18, 0, 0, 24, 0",10,12
39,N_25_PL_0.25_R_0.5_V_9,"1, 21, 0, 29, 0, 39, 18, 0, 37, 25, 0, 0, 0, 0, 41, 31, 41, 0, 0, 1, 0, 9, 7, 41, 12","0, 0, 8, 0, 12, 41, 41, 19, 0, 0, 13, 28, 27, 20, 39, 41, 39, 25, 16, 0, 18, 0, 0, 24, 0",20,13
40,N_25_PL_0.25_R_0.75_V_5,"7, 0, 12, 22, 14, 12, 0, 40, 28, 0, 39, 0, 25, 13, 0, 10, 0, 26, 2, 40, 13, 23, 40, 0, 5","41, 12, 0, 0, 0, 41, 16, 41, 41, 18, 0, 32, 0, 0, 16, 0, 20, 0, 0, 0, 41, 0, 41, 24, 0",1,14
40,N_25_PL_0.25_R_0.75_V_5,"7, 0, 12, 22, 14, 12, 0, 40, 28, 0, 39, 0, 25, 13, 0, 10, 0, 26, 2, 40, 13, 23, 40, 0, 5","41, 12, 0, 0, 0, 41, 16, 41, 41, 18, 0, 32, 0, 0, 16, 0, 20, 0, 0, 0, 41, 0, 41, 24, 0",5,13
40,N_25_PL_0.25_R_0.75_V_5,"7, 0, 12, 22, 14, 12, 0, 40, 28, 0, 39, 0, 25, 13, 0, 10, 0, 26, 2, 40, 13, 23, 40, 0, 5","41, 12, 0, 0, 0, 41, 16, 41, 41, 18, 0, 32, 0, 0, 16, 0, 20, 0, 0, 0, 41, 0, 41, 24, 0",10,13
40,N_25_PL_0.25_R_0.75_V_5,"7, 0, 12, 22, 14, 12, 0, 40, 28, 0, 39, 0, 25, 13, 0, 10, 0, 26, 2, 40, 13, 23, 40, 0, 5","41, 12, 0, 0, 0, 41, 16, 41, 41, 18, 0, 32, 0, 0, 16, 0, 20, 0, 0, 0, 41, 0, 41, 24, 0",20,13
41,N_25_PL_0.25_R_0.75_V_6,"36, 0, 30, 19, 29, 24, 10, 5, 9, 22, 33, 30, 0, 27, 11, 0, 41, 41, 41, 33, 31, 29, 0, 27, 8","0, 37, 0, 0, 0, 0, 0, 0, 41, 0, 0, 41, 18, 41, 0, 16, 27, 4, 10, 0, 0, 0, 23, 0, 0",1,15
41,N_25_PL_0.25_R_0.75_V_6,"36, 0, 30, 19, 29, 24, 10, 5, 9, 22, 33, 30, 0, 27, 11, 0, 41, 41, 41, 33, 31, 29, 0, 27, 8","0, 37, 0, 0, 0, 0, 0, 0, 41, 0, 0, 41, 18, 41, 0, 16, 27, 4, 10, 0, 0, 0, 23, 0, 0",5,15
41,N_25_PL_0.25_R_0.75_V_6,"36, 0, 30, 19, 29, 24, 10, 5, 9, 22, 33, 30, 0, 27, 11, 0, 41, 41, 41, 33, 31, 29, 0, 27, 8","0, 37, 0, 0, 0, 0, 0, 0, 41, 0, 0, 41, 18, 41, 0, 16, 27, 4, 10, 0, 0, 0, 23, 0, 0",10,14
41,N_25_PL_0.25_R_0.75_V_6,"36, 0, 30, 19, 29, 24, 10, 5, 9, 22, 33, 30, 0, 27, 11, 0, 41, 41, 41, 33, 31, 29, 0, 27, 8","0, 37, 0, 0, 0, 0, 0, 0, 41, 0, 0, 41, 18, 41, 0, 16, 27, 4, 10, 0, 0, 0, 23, 0, 0",20,13
42,N_25_PL_0.25_R_0.75_V_7,"0, 0, 13, 0, 26, 35, 41, 10, 32, 25, 41, 12, 10, 36, 0, 35, 27, 27, 3, 35, 36, 13, 0, 1, 36","17, 19, 0, 28, 0, 0, 35, 0, 0, 0, 11, 0, 0, 41, 13, 41, 0, 0, 0, 0, 41, 0, 6, 41, 0",1,13
42,N_25_PL_0.25_R_0.75_V_7,"0, 0, 13, 0, 26, 35, 41, 10, 32, 25, 41, 12, 10, 36, 0, 35, 27, 27, 3, 35, 36, 13, 0, 1, 36","17, 19, 0, 28, 0, 0, 35, 0, 0, 0, 11, 0, 0, 41, 13, 41, 0, 0, 0, 0, 41, 0, 6, 41, 0",5,13
42,N_25_PL_0.25_R_0.75_V_7,"0, 0, 13, 0, 26, 35, 41, 10, 32, 25, 41, 12, 10, 36, 0, 35, 27, 27, 3, 35, 36, 13, 0, 1, 36","17, 19, 0, 28, 0, 0, 35, 0, 0, 0, 11, 0, 0, 41, 13, 41, 0, 0, 0, 0, 41, 0, 6, 41, 0",10,13
42,N_25_PL_0.25_R_0.75_V_7,"0, 0, 13, 0, 26, 35, 41, 10, 32, 25, 41, 12, 10, 36, 0, 35, 27, 27, 3, 35, 36, 13, 0, 1, 36","17, 19, 0, 28, 0, 0, 35, 0, 0, 0, 11, 0, 0, 41, 13, 41, 0, 0, 0, 0, 41, 0, 6, 41, 0",20,13
43,N_25_PL_0.25_R_0.75_V_8,"14, 15, 39, 32, 0, 34, 15, 0, 6, 0, 0, 20, 25, 36, 41, 39, 11, 35, 9, 13, 19, 0, 0, 21, 18","0, 0, 41, 0, 26, 0, 41, 29, 0, 3, 6, 0, 41, 0, 31, 0, 0, 0, 41, 0, 0, 30, 2, 0, 41",1,13
43,N_25_PL_0.25_R_0.75_V_8,"14, 15, 39, 32, 0, 34, 15, 0, 6, 0, 0, 20, 25, 36, 41, 39, 11, 35, 9, 13, 19, 0, 0, 21, 18","0, 0, 41, 0, 26, 0, 41, 29, 0, 3, 6, 0, 41, 0, 31, 0, 0, 0, 41, 0, 0, 30, 2, 0, 41",5,13
43,N_25_PL_0.25_R_0.75_V_8,"14, 15, 39, 32, 0, 34, 15, 0, 6, 0, 0, 20, 25, 36, 41, 39, 11, 35, 9, 13, 19, 0, 0, 21, 18","0, 0, 41, 0, 26, 0, 41, 29, 0, 3, 6, 0, 41, 0, 31, 0, 0, 0, 41, 0, 0, 30, 2, 0, 41",10,13
43,N_25_PL_0.25_R_0.75_V_8,"14, 15, 39, 32, 0, 34, 15, 0, 6, 0, 0, 20, 25, 36, 41, 39, 11, 35, 9, 13, 19, 0, 0, 21, 18","0, 0, 41, 0, 26, 0, 41, 29, 0, 3, 6, 0, 41, 0, 31, 0, 0, 0, 41, 0, 0, 30, 2, 0, 41",20,14
44,N_25_PL_0.25_R_0.75_V_9,"12, 18, 0, 20, 0, 28, 27, 7, 29, 41, 27, 23, 41, 23, 0, 34, 13, 41, 19, 10, 16, 36, 6, 0, 12","41, 0, 23, 41, 27, 0, 0, 0, 41, 35, 0, 0, 35, 0, 12, 0, 0, 29, 0, 0, 0, 0, 0, 6, 0",1,12
44,N_25_PL_0.25_R_0.75_V_9,"12, 18, 0, 20, 0, 28, 27, 7, 29, 41, 27, 23, 41, 23, 0, 34, 13, 41, 19, 10, 16, 36, 6, 0, 12","41, 0, 23, 41, 27, 0, 0, 0, 41, 35, 0, 0, 35, 0, 12, 0, 0, 29, 0, 0, 0, 0, 0, 6, 0",5,12
44,N_25_PL_0.25_R_0.75_V_9,"12, 18, 0, 20, 0, 28, 27, 7, 29, 41, 27, 23, 41, 23, 0, 34, 13, 41, 19, 10, 16, 36, 6, 0, 12","41, 0, 23, 41, 27, 0, 0, 0, 41, 35, 0, 0, 35, 0, 12, 0, 0, 29, 0, 0, 0, 0, 0, 6, 0",10,12
44,N_25_PL_0.25_R_0.75_V_9,"12, 18, 0, 20, 0, 28, 27, 7, 29, 41, 27, 23, 41, 23, 0, 34, 13, 41, 19, 10, 16, 36, 6, 0, 12","41, 0, 23, 41, 27, 0, 0, 0, 41, 35, 0, 0, 35, 0, 12, 0, 0, 29, 0, 0, 0, 0, 0, 6, 0",20,12
45,N_25_PL_0.5_R_0.25_V_5,"41, 0, 41, 0, 26, 41, 0, 16, 0, 0, 41, 27, 0, 0, 0, 35, 41, 41, 0, 0, 41, 16, 0, 29, 41","4, 25, 14, 20, 0, 15, 10, 41, 29, 9, 7, 41, 33, 23, 20, 41, 11, 15, 16, 33, 6, 41, 32, 0, 23",1,18
45,N_25_PL_0.5_R_0.25_V_5,"41, 0, 41, 0, 26, 41, 0, 16, 0, 0, 41, 27, 0, 0, 0, 35, 41, 41, 0, 0, 41, 16, 0, 29, 41","4, 25, 14, 20, 0, 15, 10, 41, 29, 9, 7, 41, 33, 23, 20, 41, 11, 15, 16, 33, 6, 41, 32, 0, 23",5,20
45,N_25_PL_0.5_R_0.25_V_5,"41, 0, 41, 0, 26, 41, 0, 16, 0, 0, 41, 27, 0, 0, 0, 35, 41, 41, 0, 0, 41, 16, 0, 29, 41","4, 25, 14, 20, 0, 15, 10, 41, 29, 9, 7, 41, 33, 23, 20, 41, 11, 15, 16, 33, 6, 41, 32, 0, 23",10,20
45,N_25_PL_0.5_R_0.25_V_5,"41, 0, 41, 0, 26, 41, 0, 16, 0, 0, 41, 27, 0, 0, 0, 35, 41, 41, 0, 0, 41, 16, 0, 29, 41","4, 25, 14, 20, 0, 15, 10, 41, 29, 9, 7, 41, 33, 23, 20, 41, 11, 15, 16, 33, 6, 41, 32, 0, 23",20,20
46,N_25_PL_0.5_R_0.25_V_6,"19, 0, 41, 41, 0, 0, 25, 0, 39, 41, 41, 0, 0, 0, 41, 41, 0, 1, 41, 41, 41, 39, 41, 13, 0","41, 12, 32, 18, 8, 37, 0, 39, 41, 27, 18, 21, 16, 38, 33, 21, 33, 0, 1, 5, 4, 0, 26, 0, 1",1,23
46,N_25_PL_0.5_R_0.25_V_6,"19, 0, 41, 41, 0, 0, 25, 0, 39, 41, 41, 0, 0, 0, 41, 41, 0, 1, 41, 41, 41, 39, 41, 13, 0","41, 12, 32, 18, 8, 37, 0, 39, 41, 27, 18, 21, 16, 38, 33, 21, 33, 0, 1, 5, 4, 0, 26, 0, 1",5,23
46,N_25_PL_0.5_R_0.25_V_6,"19, 0, 41, 41, 0, 0, 25, 0, 39, 41, 41, 0, 0, 0, 41, 41, 0, 1, 41, 41, 41, 39, 41, 13, 0","41, 12, 32, 18, 8, 37, 0, 39, 41, 27, 18, 21, 16, 38, 33, 21, 33, 0, 1, 5, 4, 0, 26, 0, 1",10,21
46,N_25_PL_0.5_R_0.25_V_6,"19, 0, 41, 41, 0, 0, 25, 0, 39, 41, 41, 0, 0, 0, 41, 41, 0, 1, 41, 41, 41, 39, 41, 13, 0","41, 12, 32, 18, 8, 37, 0, 39, 41, 27, 18, 21, 16, 38, 33, 21, 33, 0, 1, 5, 4, 0, 26, 0, 1",20,21
47,N_25_PL_0.5_R_0.25_V_7,"26, 0, 41, 6, 41, 41, 41, 5, 41, 41, 19, 41, 41, 18, 41, 0, 0, 0, 0, 0, 41, 0, 0, 0, 35","41, 13, 24, 0, 5, 16, 33, 0, 23, 14, 0, 16, 24, 41, 8, 36, 29, 35, 10, 34, 35, 25, 19, 2, 0",1,23
47,N_25_PL_0.5_R_0.25_V_7,"26, 0, 41, 6, 41, 41, 41, 5, 41, 41, 19, 41, 41, 18, 41, 0, 0, 0, 0, 0, 41, 0, 0, 0, 35","41, 13, 24, 0, 5, 16, 33, 0, 23, 14, 0, 16, 24, 41, 8, 36, 29, 35, 10, 34, 35, 25, 19, 2, 0",5,22
47,N_25_PL_0.5_R_0.25_V_7,"26, 0, 41, 6, 41, 41, 41, 5, 41, 41, 19, 41, 41, 18, 41, 0, 0, 0, 0, 0, 41, 0, 0, 0, 35","41, 13, 24, 0, 5, 16, 33, 0, 23, 14, 0, 16, 24, 41, 8, 36, 29, 35, 10, 34, 35, 25, 19, 2, 0",10,21
47,N_25_PL_0.5_R_0.25_V_7,"26, 0, 41, 6, 41, 41, 41, 5, 41, 41, 19, 41, 41, 18, 41, 0, 0, 0, 0, 0, 41, 0, 0, 0, 35","41, 13, 24, 0, 5, 16, 33, 0, 23, 14, 0, 16, 24, 41, 8, 36, 29, 35, 10, 34, 35, 25, 19, 2, 0",20,21
48,N_25_PL_0.5_R_0.25_V_8,"22, 0, 0, 0, 0, 0, 41, 0, 0, 0, 0, 12, 0, 17, 0, 41, 41, 0, 18, 10, 35, 41, 41, 41, 41","41, 21, 23, 7, 28, 16, 18, 8, 14, 24, 25, 41, 15, 41, 18, 3, 36, 10, 0, 41, 41, 19, 36, 17, 37",1,15
48,N_25_PL_0.5_R_0.25_V_8,"22, 0, 0, 0, 0, 0, 41, 0, 0, 0, 0, 12, 0, 17, 0, 41, 41, 0, 18, 10, 35, 41, 41, 41, 41","41, 21, 23, 7, 28, 16, 18, 8, 14, 24, 25, 41, 15, 41, 18, 3, 36, 10, 0, 41, 41, 19, 36, 17, 37",5,16
48,N_25_PL_0.5_R_0.25_V_8,"22, 0, 0, 0, 0, 0, 41, 0, 0, 0, 0, 12, 0, 17, 0, 41, 41, 0, 18, 10, 35, 41, 41, 41, 41","41, 21, 23, 7, 28, 16, 18, 8, 14, 24, 25, 41, 15, 41, 18, 3, 36, 10, 0, 41, 41, 19, 36, 17, 37",10,17
48,N_25_PL_0.5_R_0.25_V_8,"22, 0, 0, 0, 0, 0, 41, 0, 0, 0, 0, 12, 0, 17, 0, 41, 41, 0, 18, 10, 35, 41, 41, 41, 41","41, 21, 23, 7, 28, 16, 18, 8, 14, 24, 25, 41, 15, 41, 18, 3, 36, 10, 0, 41, 41, 19, 36, 17, 37",20,17
49,N_25_PL_0.5_R_0.25_V_9,"0, 0, 9, 0, 41, 34, 36, 0, 41, 0, 0, 41, 0, 32, 41, 29, 0, 0, 41, 0, 0, 41, 0, 41, 34","31, 40, 41, 36, 39, 41, 41, 15, 29, 18, 39, 38, 38, 41, 40, 0, 22, 11, 24, 29, 22, 38, 38, 23, 41",1,17
49,N_25_PL_0.5_R_0.25_V_9,"0, 0, 9, 0, 41, 34, 36, 0, 41, 0, 0, 41, 0, 32, 41, 29, 0, 0, 41, 0, 0, 41, 0, 41, 34","31, 40, 41, 36, 39, 41, 41, 15, 29, 18, 39, 38, 38, 41, 40, 0, 22, 11, 24, 29, 22, 38, 38, 23, 41",5,19
49,N_25_PL_0.5_R_0.25_V_9,"0, 0, 9, 0, 41, 34, 36, 0, 41, 0, 0, 41, 0, 32, 41, 29, 0, 0, 41, 0, 0, 41, 0, 41, 34","31, 40, 41, 36, 39, 41, 41, 15, 29, 18, 39, 38, 38, 41, 40, 0, 22, 11, 24, 29, 22, 38, 38, 23, 41",10,21
49,N_25_PL_0.5_R_0.25_V_9,"0, 0, 9, 0, 41, 34, 36, 0, 41, 0, 0, 41, 0, 32, 41, 29, 0, 0, 41, 0, 0, 41, 0, 41, 34","31, 40, 41, 36, 39, 41, 41, 15, 29, 18, 39, 38, 38, 41, 40, 0, 22, 11, 24, 29, 22, 38, 38, 23, 41",20,23
50,N_25_PL_0.5_R_0.5_V_5,"5, 28, 23, 12, 28, 41, 0, 16, 0, 27, 41, 24, 41, 0, 0, 22, 4, 41, 41, 0, 41, 41, 20, 0, 15","41, 41, 0, 41, 0, 28, 17, 0, 19, 0, 9, 41, 4, 1, 14, 0, 41, 20, 18, 5, 13, 31, 0, 24, 0",1,18
50,N_25_PL_0.5_R_0.5_V_5,"5, 28, 23, 12, 28, 41, 0, 16, 0, 27, 41, 24, 41, 0, 0, 22, 4, 41, 41, 0, 41, 41, 20, 0, 15","41, 41, 0, 41, 0, 28, 17, 0, 19, 0, 9, 41, 4, 1, 14, 0, 41, 20, 18, 5, 13, 31, 0, 24, 0",5,18
50,N_25_PL_0.5_R_0.5_V_5,"5, 28, 23, 12, 28, 41, 0, 16, 0, 27, 41, 24, 41, 0, 0, 22, 4, 41, 41, 0, 41, 41, 20, 0, 15","41, 41, 0, 41, 0, 28, 17, 0, 19, 0, 9, 41, 4, 1, 14, 0, 41, 20, 18, 5, 13, 31, 0, 24, 0",10,18
50,N_25_PL_0.5_R_0.5_V_5,"5, 28, 23, 12, 28, 41, 0, 16, 0, 27, 41, 24, 41, 0, 0, 22, 4, 41, 41, 0, 41, 41, 20, 0, 15","41, 41, 0, 41, 0, 28, 17, 0, 19, 0, 9, 41, 4, 1, 14, 0, 41, 20, 18, 5, 13, 31, 0, 24, 0",20,18
51,N_25_PL_0.5_R_0.5_V_6,"0, 41, 9, 0, 0, 3, 7, 41, 37, 0, 0, 9, 19, 41, 12, 0, 11, 22, 41, 5, 0, 0, 41, 20, 8","8, 2, 41, 3, 13, 41, 41, 8, 41, 25, 25, 0, 41, 22, 0, 34, 0, 0, 24, 0, 18, 10, 5, 41, 41",1,19
51,N_25_PL_0.5_R_0.5_V_6,"0, 41, 9, 0, 0, 3, 7, 41, 37, 0, 0, 9, 19, 41, 12, 0, 11, 22, 41, 5, 0, 0, 41, 20, 8","8, 2, 41, 3, 13, 41, 41, 8, 41, 25, 25, 0, 41, 22, 0, 34, 0, 0, 24, 0, 18, 10, 5, 41, 41",5,19
51,N_25_PL_0.5_R_0.5_V_6,"0, 41, 9, 0, 0, 3, 7, 41, 37, 0, 0, 9, 19, 41, 12, 0, 11, 22, 41, 5, 0, 0, 41, 20, 8","8, 2, 41, 3, 13, 41, 41, 8, 41, 25, 25, 0, 41, 22, 0, 34, 0, 0, 24, 0, 18, 10, 5, 41, 41",10,18
51,N_25_PL_0.5_R_0.5_V_6,"0, 41, 9, 0, 0, 3, 7, 41, 37, 0, 0, 9, 19, 41, 12, 0, 11, 22, 41, 5, 0, 0, 41, 20, 8","8, 2, 41, 3, 13, 41, 41, 8, 41, 25, 25, 0, 41, 22, 0, 34, 0, 0, 24, 0, 18, 10, 5, 41, 41",20,15
52,N_25_PL_0.5_R_0.5_V_7,"41, 33, 21, 41, 30, 0, 41, 23, 41, 34, 1, 0, 18, 16, 11, 41, 0, 0, 0, 0, 27, 41, 33, 32, 41","29, 0, 0, 33, 41, 7, 16, 0, 5, 0, 41, 36, 0, 0, 0, 2, 3, 19, 15, 2, 41, 6, 41, 41, 33",1,17
52,N_25_PL_0.5_R_0.5_V_7,"41, 33, 21, 41, 30, 0, 41, 23, 41, 34, 1, 0, 18, 16, 11, 41, 0, 0, 0, 0, 27, 41, 33, 32, 41","29, 0, 0, 33, 41, 7, 16, 0, 5, 0, 41, 36, 0, 0, 0, 2, 3, 19, 15, 2, 41, 6, 41, 41, 33",5,18
52,N_25_PL_0.5_R_0.5_V_7,"41, 33, 21, 41, 30, 0, 41, 23, 41, 34, 1, 0, 18, 16, 11, 41, 0, 0, 0, 0, 27, 41, 33, 32, 41","29, 0, 0, 33, 41, 7, 16, 0, 5, 0, 41, 36, 0, 0, 0, 2, 3, 19, 15, 2, 41, 6, 41, 41, 33",10,18
52,N_25_PL_0.5_R_0.5_V_7,"41, 33, 21, 41, 30, 0, 41, 23, 41, 34, 1, 0, 18, 16, 11, 41, 0, 0, 0, 0, 27, 41, 33, 32, 41","29, 0, 0, 33, 41, 7, 16, 0, 5, 0, 41, 36, 0, 0, 0, 2, 3, 19, 15, 2, 41, 6, 41, 41, 33",20,18
53,N_25_PL_0.5_R_0.5_V_8,"8, 41, 0, 41, 0, 10, 14, 0, 16, 6, 0, 41, 4, 0, 0, 32, 22, 1, 23, 41, 0, 25, 0, 27, 0","41, 26, 19, 15, 10, 0, 0, 28, 41, 41, 8, 7, 41, 23, 31, 41, 0, 41, 41, 18, 20, 41, 33, 0, 1",1,19
53,N_25_PL_0.5_R_0.5_V_8,"8, 41, 0, 41, 0, 10, 14, 0, 16, 6, 0, 41, 4, 0, 0, 32, 22, 1, 23, 41, 0, 25, 0, 27, 0","41, 26, 19, 15, 10, 0, 0, 28, 41, 41, 8, 7, 41, 23, 31, 41, 0, 41, 41, 18, 20, 41, 33, 0, 1",5,19
53,N_25_PL_0.5_R_0.5_V_8,"8, 41, 0, 41, 0, 10, 14, 0, 16, 6, 0, 41, 4, 0, 0, 32, 22, 1, 23, 41, 0, 25, 0, 27, 0","41, 26, 19, 15, 10, 0, 0, 28, 41, 41, 8, 7, 41, 23, 31, 41, 0, 41, 41, 18, 20, 41, 33, 0, 1",10,19
53,N_25_PL_0.5_R_0.5_V_8,"8, 41, 0, 41, 0, 10, 14, 0, 16, 6, 0, 41, 4, 0, 0, 32, 22, 1, 23, 41, 0, 25, 0, 27, 0","41, 26, 19, 15, 10, 0, 0, 28, 41, 41, 8, 7, 41, 23, 31, 41, 0, 41, 41, 18, 20, 41, 33, 0, 1",20,19
54,N_25_PL_0.5_R_0.5_V_9,"0, 8, 0, 37, 41, 0, 41, 3, 0, 41, 29, 38, 20, 41, 23, 9, 0, 2, 41, 40, 41, 30, 41, 0, 37","36, 41, 4, 0, 26, 23, 3, 41, 30, 26, 0, 41, 41, 36, 0, 0, 4, 0, 16, 41, 33, 0, 11, 21, 0",1,21
54,N_25_PL_0.5_R_0.5_V_9,"0, 8, 0, 37, 41, 0, 41, 3, 0, 41, 29, 38, 20, 41, 23, 9, 0, 2, 41, 40, 41, 30, 41, 0, 37","36, 41, 4, 0, 26, 23, 3, 41, 30, 26, 0, 41, 41, 36, 0, 0, 4, 0, 16, 41, 33, 0, 11, 21, 0",5,22
54,N_25_PL_0.5_R_0.5_V_9,"0, 8, 0, 37, 41, 0, 41, 3, 0, 41, 29, 38, 20, 41, 23, 9, 0, 2, 41, 40, 41, 30, 41, 0, 37","36, 41, 4, 0, 26, 23, 3, 41, 30, 26, 0, 41, 41, 36, 0, 0, 4, 0, 16, 41, 33, 0, 11, 21, 0",10,23
54,N_25_PL_0.5_R_0.5_V_9,"0, 8, 0, 37, 41, 0, 41, 3, 0, 41, 29, 38, 20, 41, 23, 9, 0, 2, 41, 40, 41, 30, 41, 0, 37","36, 41, 4, 0, 26, 23, 3, 41, 30, 26, 0, 41, 41, 36, 0, 0, 4, 0, 16, 41, 33, 0, 11, 21, 0",20,23
55,N_25_PL_0.5_R_0.75_V_5,"7, 0, 41, 11, 3, 32, 41, 0, 41, 7, 8, 2, 33, 17, 41, 11, 39, 16, 39, 6, 41, 25, 36, 29, 14","0, 36, 37, 0, 0, 0, 33, 9, 21, 41, 41, 0, 0, 0, 12, 41, 41, 0, 41, 0, 24, 0, 41, 0, 41",1,17
55,N_25_PL_0.5_R_0.75_V_5,"7, 0, 41, 11, 3, 32, 41, 0, 41, 7, 8, 2, 33, 17, 41, 11, 39, 16, 39, 6, 41, 25, 36, 29, 14","0, 36, 37, 0, 0, 0, 33, 9, 21, 41, 41, 0, 0, 0, 12, 41, 41, 0, 41, 0, 24, 0, 41, 0, 41",5,17
55,N_25_PL_0.5_R_0.75_V_5,"7, 0, 41, 11, 3, 32, 41, 0, 41, 7, 8, 2, 33, 17, 41, 11, 39, 16, 39, 6, 41, 25, 36, 29, 14","0, 36, 37, 0, 0, 0, 33, 9, 21, 41, 41, 0, 0, 0, 12, 41, 41, 0, 41, 0, 24, 0, 41, 0, 41",10,17
55,N_25_PL_0.5_R_0.75_V_5,"7, 0, 41, 11, 3, 32, 41, 0, 41, 7, 8, 2, 33, 17, 41, 11, 39, 16, 39, 6, 41, 25, 36, 29, 14","0, 36, 37, 0, 0, 0, 33, 9, 21, 41, 41, 0, 0, 0, 12, 41, 41, 0, 41, 0, 24, 0, 41, 0, 41",20,17
56,N_25_PL_0.5_R_0.75_V_6,"0, 3, 41, 10, 41, 1, 2, 22, 19, 6, 0, 41, 7, 0, 40, 11, 30, 36, 7, 27, 0, 31, 23, 11, 27","10, 0, 18, 41, 36, 41, 41, 0, 0, 41, 1, 31, 0, 20, 41, 41, 0, 0, 41, 0, 27, 0, 41, 41, 0",1,20
56,N_25_PL_0.5_R_0.75_V_6,"0, 3, 41, 10, 41, 1, 2, 22, 19, 6, 0, 41, 7, 0, 40, 11, 30, 36, 7, 27, 0, 31, 23, 11, 27","10, 0, 18, 41, 36, 41, 41, 0, 0, 41, 1, 31, 0, 20, 41, 41, 0, 0, 41, 0, 27, 0, 41, 41, 0",5,20
56,N_25_PL_0.5_R_0.75_V_6,"0, 3, 41, 10, 41, 1, 2, 22, 19, 6, 0, 41, 7, 0, 40, 11, 30, 36, 7, 27, 0, 31, 23, 11, 27","10, 0, 18, 41, 36, 41, 41, 0, 0, 41, 1, 31, 0, 20, 41, 41, 0, 0, 41, 0, 27, 0, 41, 41, 0",10,20
56,N_25_PL_0.5_R_0.75_V_6,"0, 3, 41, 10, 41, 1, 2, 22, 19, 6, 0, 41, 7, 0, 40, 11, 30, 36, 7, 27, 0, 31, 23, 11, 27","10, 0, 18, 41, 36, 41, 41, 0, 0, 41, 1, 31, 0, 20, 41, 41, 0, 0, 41, 0, 27, 0, 41, 41, 0",20,20
57,N_25_PL_0.5_R_0.75_V_7,"15, 0, 0, 23, 36, 4, 0, 36, 0, 38, 7, 41, 18, 13, 39, 41, 14, 20, 26, 40, 7, 0, 10, 21, 22","41, 31, 27, 0, 0, 0, 39, 0, 3, 0, 41, 7, 41, 41, 41, 18, 41, 0, 41, 41, 0, 1, 41, 0, 41",1,22
57,N_25_PL_0.5_R_0.75_V_7,"15, 0, 0, 23, 36, 4, 0, 36, 0, 38, 7, 41, 18, 13, 39, 41, 14, 20, 26, 40, 7, 0, 10, 21, 22","41, 31, 27, 0, 0, 0, 39, 0, 3, 0, 41, 7, 41, 41, 41, 18, 41, 0, 41, 41, 0, 1, 41, 0, 41",5,22
57,N_25_PL_0.5_R_0.75_V_7,"15, 0, 0, 23, 36, 4, 0, 36, 0, 38, 7, 41, 18, 13, 39, 41, 14, 20, 26, 40, 7, 0, 10, 21, 22","41, 31, 27, 0, 0, 0, 39, 0, 3, 0, 41, 7, 41, 41, 41, 18, 41, 0, 41, 41, 0, 1, 41, 0, 41",10,21
57,N_25_PL_0.5_R_0.75_V_7,"15, 0, 0, 23, 36, 4, 0, 36, 0, 38, 7, 41, 18, 13, 39, 41, 14, 20, 26, 40, 7, 0, 10, 21, 22","41, 31, 27, 0, 0, 0, 39, 0, 3, 0, 41, 7, 41, 41, 41, 18, 41, 0, 41, 41, 0, 1, 41, 0, 41",20,21
58,N_25_PL_0.5_R_0.75_V_8,"22, 0, 15, 7, 10, 32, 28, 0, 41, 9, 30, 32, 0, 27, 35, 19, 16, 30, 6, 29, 18, 19, 0, 41, 0","41, 20, 41, 0, 41, 41, 41, 14, 23, 0, 41, 0, 11, 0, 41, 0, 41, 0, 0, 41, 0, 41, 19, 34, 27",1,23
58,N_25_PL_0.5_R_0.75_V_8,"22, 0, 15, 7, 10, 32, 28, 0, 41, 9, 30, 32, 0, 27, 35, 19, 16, 30, 6, 29, 18, 19, 0, 41, 0","41, 20, 41, 0, 41, 41, 41, 14, 23, 0, 41, 0, 11, 0, 41, 0, 41, 0, 0, 41, 0, 41, 19, 34, 27",5,22
58,N_25_PL_0.5_R_0.75_V_8,"22, 0, 15, 7, 10, 32, 28, 0, 41, 9, 30, 32, 0, 27, 35, 19, 16, 30, 6, 29, 18, 19, 0, 41, 0","41, 20, 41, 0, 41, 41, 41, 14, 23, 0, 41, 0, 11, 0, 41, 0, 41, 0, 0, 41, 0, 41, 19, 34, 27",10,22
58,N_25_PL_0.5_R_0.75_V_8,"22, 0, 15, 7, 10, 32, 28, 0, 41, 9, 30, 32, 0, 27, 35, 19, 16, 30, 6, 29, 18, 19, 0, 41, 0","41, 20, 41, 0, 41, 41, 41, 14, 23, 0, 41, 0, 11, 0, 41, 0, 41, 0, 0, 41, 0, 41, 19, 34, 27",20,21
59,N_25_PL_0.5_R_0.75_V_9,"27, 31, 15, 22, 0, 13, 0, 41, 15, 23, 24, 11, 41, 12, 26, 17, 0, 41, 38, 41, 13, 24, 22, 17, 8","0, 0, 41, 41, 13, 41, 16, 6, 0, 0, 41, 41, 6, 0, 41, 0, 35, 19, 0, 9, 41, 0, 41, 0, 0",1,18
59,N_25_PL_0.5_R_0.75_V_9,"27, 31, 15, 22, 0, 13, 0, 41, 15, 23, 24, 11, 41, 12, 26, 17, 0, 41, 38, 41, 13, 24, 22, 17, 8","0, 0, 41, 41, 13, 41, 16, 6, 0, 0, 41, 41, 6, 0, 41, 0, 35, 19, 0, 9, 41, 0, 41, 0, 0",5,18
59,N_25_PL_0.5_R_0.75_V_9,"27, 31, 15, 22, 0, 13, 0, 41, 15, 23, 24, 11, 41, 12, 26, 17, 0, 41, 38, 41, 13, 24, 22, 17, 8","0, 0, 41, 41, 13, 41, 16, 6, 0, 0, 41, 41, 6, 0, 41, 0, 35, 19, 0, 9, 41, 0, 41, 0, 0",10,17
59,N_25_PL_0.5_R_0.75_V_9,"27, 31, 15, 22, 0, 13, 0, 41, 15, 23, 24, 11, 41, 12, 26, 17, 0, 41, 38, 41, 13, 24, 22, 17, 8","0, 0, 41, 41, 13, 41, 16, 6, 0, 0, 41, 41, 6, 0, 41, 0, 35, 19, 0, 9, 41, 0, 41, 0, 0",20,17
60,N_50_PL_0.25_R_0.25_V_5,"0, 0, 41, 15, 0, 0, 0, 0, 37, 41, 0, 25, 0, 22, 0, 39, 0, 41, 0, 0, 0, 30, 41, 0, 0, 41, 41, 41, 20, 7, 19, 0, 41, 15, 0, 0, 0, 0, 0, 41, 0, 16, 12, 0, 0, 0, 0, 0, 0, 0","30, 35, 30, 0, 1, 32, 23, 35, 0, 5, 4, 0, 8, 41, 40, 0, 1, 8, 35, 14, 4, 0, 24, 21, 26, 39, 22, 7, 41, 0, 41, 9, 2, 0, 6, 8, 33, 30, 11, 40, 4, 0, 0, 35, 4, 28, 12, 23, 25, 8",1,15
60,N_50_PL_0.25_R_0.25_V_5,"0, 0, 41, 15, 0, 0, 0, 0, 37, 41, 0, 25, 0, 22, 0, 39, 0, 41, 0, 0, 0, 30, 41, 0, 0, 41, 41, 41, 20, 7, 19, 0, 41, 15, 0, 0, 0, 0, 0, 41, 0, 16, 12, 0, 0, 0, 0, 0, 0, 0","30, 35, 30, 0, 1, 32, 23, 35, 0, 5, 4, 0, 8, 41, 40, 0, 1, 8, 35, 14, 4, 0, 24, 21, 26, 39, 22, 7, 41, 0, 41, 9, 2, 0, 6, 8, 33, 30, 11, 40, 4, 0, 0, 35, 4, 28, 12, 23, 25, 8",5,15
60,N_50_PL_0.25_R_0.25_V_5,"0, 0, 41, 15, 0, 0, 0, 0, 37, 41, 0, 25, 0, 22, 0, 39, 0, 41, 0, 0, 0, 30, 41, 0, 0, 41, 41, 41, 20, 7, 19, 0, 41, 15, 0, 0, 0, 0, 0, 41, 0, 16, 12, 0, 0, 0, 0, 0, 0, 0","30, 35, 30, 0, 1, 32, 23, 35, 0, 5, 4, 0, 8, 41, 40, 0, 1, 8, 35, 14, 4, 0, 24, 21, 26, 39, 22, 7, 41, 0, 41, 9, 2, 0, 6, 8, 33, 30, 11, 40, 4, 0, 0, 35, 4, 28, 12, 23, 25, 8",10,15
60,N_50_PL_0.25_R_0.25_V_5,"0, 0, 41, 15, 0, 0, 0, 0, 37, 41, 0, 25, 0, 22, 0, 39, 0, 41, 0, 0, 0, 30, 41, 0, 0, 41, 41, 41, 20, 7, 19, 0, 41, 15, 0, 0, 0, 0, 0, 41, 0, 16, 12, 0, 0, 0, 0, 0, 0, 0","30, 35, 30, 0, 1, 32, 23, 35, 0, 5, 4, 0, 8, 41, 40, 0, 1, 8, 35, 14, 4, 0, 24, 21, 26, 39, 22, 7, 41, 0, 41, 9, 2, 0, 6, 8, 33, 30, 11, 40, 4, 0, 0, 35, 4, 28, 12, 23, 25, 8",20,15
61,N_50_PL_0.25_R_0.25_V_6,"0, 0, 0, 0, 0, 0, 0, 0, 41, 15, 31, 41, 0, 8, 0, 41, 41, 14, 0, 0, 0, 18, 28, 21, 41, 41, 0, 0, 41, 34, 0, 0, 0, 41, 0, 0, 15, 0, 0, 0, 12, 0, 0, 8, 31, 41, 41, 41, 0, 0","11, 9, 8, 24, 39, 4, 37, 23, 40, 0, 0, 17, 5, 0, 29, 24, 17, 0, 27, 25, 14, 0, 0, 0, 19, 32, 7, 38, 38, 0, 19, 20, 6, 10, 26, 37, 0, 24, 23, 12, 41, 17, 36, 0, 0, 28, 36, 7, 36, 3",1,15
61,N_50_PL_0.25_R_0.25_V_6,"0, 0, 0, 0, 0, 0, 0, 0, 41, 15, 31, 41, 0, 8, 0, 41, 41, 14, 0, 0, 0, 18, 28, 21, 41, 41, 0, 0, 41, 34, 0, 0, 0, 41, 0, 0, 15, 0, 0, 0, 12, 0, 0, 8, 31, 41, 41, 41, 0, 0","11, 9, 8, 24, 39, 4, 37, 23, 40, 0, 0, 17, 5, 0, 29, 24, 17, 0, 27, 25, 14, 0, 0, 0, 19, 32, 7, 38, 38, 0, 19, 20, 6, 10, 26, 37, 0, 24, 23, 12, 41, 17, 36, 0, 0, 28, 36, 7, 36, 3",5,15
61,N_50_PL_0.25_R_0.25_V_6,"0, 0, 0, 0, 0, 0, 0, 0, 41, 15, 31, 41, 0, 8, 0, 41, 41, 14, 0, 0, 0, 18, 28, 21, 41, 41, 0, 0, 41, 34, 0, 0, 0, 41, 0, 0, 15, 0, 0, 0, 12, 0, 0, 8, 31, 41, 41, 41, 0, 0","11, 9, 8, 24, 39, 4, 37, 23, 40, 0, 0, 17, 5, 0, 29, 24, 17, 0, 27, 25, 14, 0, 0, 0, 19, 32, 7, 38, 38, 0, 19, 20, 6, 10, 26, 37, 0, 24, 23, 12, 41, 17, 36, 0, 0, 28, 36, 7, 36, 3",10,15
61,N_50_PL_0.25_R_0.25_V_6,"0, 0, 0, 0, 0, 0, 0, 0, 41, 15, 31, 41, 0, 8, 0, 41, 41, 14, 0, 0, 0, 18, 28, 21, 41, 41, 0, 0, 41, 34, 0, 0, 0, 41, 0, 0, 15, 0, 0, 0, 12, 0, 0, 8, 31, 41, 41, 41, 0, 0","11, 9, 8, 24, 39, 4, 37, 23, 40, 0, 0, 17, 5, 0, 29, 24, 17, 0, 27, 25, 14, 0, 0, 0, 19, 32, 7, 38, 38, 0, 19, 20, 6, 10, 26, 37, 0, 24, 23, 12, 41, 17, 36, 0, 0, 28, 36, 7, 36, 3",20,15
62,N_50_PL_0.25_R_0.25_V_7,"0, 0, 41, 0, 0, 0, 35, 0, 0, 0, 0, 0, 36, 0, 0, 16, 41, 41, 0, 0, 13, 0, 0, 13, 0, 39, 41, 14, 0, 0, 17, 31, 0, 0, 41, 41, 0, 0, 38, 34, 0, 0, 0, 41, 41, 0, 16, 0, 41, 41","37, 7, 18, 29, 25, 38, 0, 25, 1, 36, 40, 30, 41, 11, 28, 0, 21, 18, 17, 2, 41, 26, 38, 0, 3, 0, 16, 0, 3, 16, 0, 0, 10, 32, 5, 21, 8, 35, 0, 0, 28, 29, 22, 7, 33, 4, 0, 28, 13, 11",1,17
62,N_50_PL_0.25_R_0.25_V_7,"0, 0, 41, 0, 0, 0, 35, 0, 0, 0, 0, 0, 36, 0, 0, 16, 41, 41, 0, 0, 13, 0, 0, 13, 0, 39, 41, 14, 0, 0, 17, 31, 0, 0, 41, 41, 0, 0, 38, 34, 0, 0, 0, 41, 41, 0, 16, 0, 41, 41","37, 7, 18, 29, 25, 38, 0, 25, 1, 36, 40, 30, 41, 11, 28, 0, 21, 18, 17, 2, 41, 26, 38, 0, 3, 0, 16, 0, 3, 16, 0, 0, 10, 32, 5, 21, 8, 35, 0, 0, 28, 29, 22, 7, 33, 4, 0, 28, 13, 11",5,16
62,N_50_PL_0.25_R_0.25_V_7,"0, 0, 41, 0, 0, 0, 35, 0, 0, 0, 0, 0, 36, 0, 0, 16, 41, 41, 0, 0, 13, 0, 0, 13, 0, 39, 41, 14, 0, 0, 17, 31, 0, 0, 41, 41, 0, 0, 38, 34, 0, 0, 0, 41, 41, 0, 16, 0, 41, 41","37, 7, 18, 29, 25, 38, 0, 25, 1, 36, 40, 30, 41, 11, 28, 0, 21, 18, 17, 2, 41, 26, 38, 0, 3, 0, 16, 0, 3, 16, 0, 0, 10, 32, 5, 21, 8, 35, 0, 0, 28, 29, 22, 7, 33, 4, 0, 28, 13, 11",10,16
62,N_50_PL_0.25_R_0.25_V_7,"0, 0, 41, 0, 0, 0, 35, 0, 0, 0, 0, 0, 36, 0, 0, 16, 41, 41, 0, 0, 13, 0, 0, 13, 0, 39, 41, 14, 0, 0, 17, 31, 0, 0, 41, 41, 0, 0, 38, 34, 0, 0, 0, 41, 41, 0, 16, 0, 41, 41","37, 7, 18, 29, 25, 38, 0, 25, 1, 36, 40, 30, 41, 11, 28, 0, 21, 18, 17, 2, 41, 26, 38, 0, 3, 0, 16, 0, 3, 16, 0, 0, 10, 32, 5, 21, 8, 35, 0, 0, 28, 29, 22, 7, 33, 4, 0, 28, 13, 11",20,16
63,N_50_PL_0.25_R_0.25_V_8,"41, 25, 1, 0, 0, 0, 41, 41, 41, 11, 0, 9, 0, 41, 19, 41, 0, 27, 0, 5, 0, 0, 0, 0, 0, 0, 0, 0, 18, 0, 0, 0, 0, 41, 0, 0, 0, 41, 5, 41, 30, 0, 38, 0, 21, 0, 0, 0, 0, 0","29, 41, 41, 1, 4, 36, 28, 20, 14, 0, 14, 0, 4, 38, 0, 20, 38, 41, 24, 0, 22, 37, 8, 19, 24, 19, 23, 8, 0, 13, 5, 40, 5, 30, 16, 7, 5, 5, 0, 22, 0, 35, 0, 8, 0, 14, 15, 26, 8, 13",1,13
63,N_50_PL_0.25_R_0.25_V_8,"41, 25, 1, 0, 0, 0, 41, 41, 41, 11, 0, 9, 0, 41, 19, 41, 0, 27, 0, 5, 0, 0, 0, 0, 0, 0, 0, 0, 18, 0, 0, 0, 0, 41, 0, 0, 0, 41, 5, 41, 30, 0, 38, 0, 21, 0, 0, 0, 0, 0","29, 41, 41, 1, 4, 36, 28, 20, 14, 0, 14, 0, 4, 38, 0, 20, 38, 41, 24, 0, 22, 37, 8, 19, 24, 19, 23, 8, 0, 13, 5, 40, 5, 30, 16, 7, 5, 5, 0, 22, 0, 35, 0, 8, 0, 14, 15, 26, 8, 13",5,13
63,N_50_PL_0.25_R_0.25_V_8,"41, 25, 1, 0, 0, 0, 41, 41, 41, 11, 0, 9, 0, 41, 19, 41, 0, 27, 0, 5, 0, 0, 0, 0, 0, 0, 0, 0, 18, 0, 0, 0, 0, 41, 0, 0, 0, 41, 5, 41, 30, 0, 38, 0, 21, 0, 0, 0, 0, 0","29, 41, 41, 1, 4, 36, 28, 20, 14, 0, 14, 0, 4, 38, 0, 20, 38, 41, 24, 0, 22, 37, 8, 19, 24, 19, 23, 8, 0, 13, 5, 40, 5, 30, 16, 7, 5, 5, 0, 22, 0, 35, 0, 8, 0, 14, 15, 26, 8, 13",10,11
63,N_50_PL_0.25_R_0.25_V_8,"41, 25, 1, 0, 0, 0, 41, 41, 41, 11, 0, 9, 0, 41, 19, 41, 0, 27, 0, 5, 0, 0, 0, 0, 0, 0, 0, 0, 18, 0, 0, 0, 0, 41, 0, 0, 0, 41, 5, 41, 30, 0, 38, 0, 21, 0, 0, 0, 0, 0","29, 41, 41, 1, 4, 36, 28, 20, 14, 0, 14, 0, 4, 38, 0, 20, 38, 41, 24, 0, 22, 37, 8, 19, 24, 19, 23, 8, 0, 13, 5, 40, 5, 30, 16, 7, 5, 5, 0, 22, 0, 35, 0, 8, 0, 14, 15, 26, 8, 13",20,13
64,N_50_PL_0.25_R_0.25_V_9,"0, 22, 0, 0, 0, 0, 10, 41, 0, 0, 0, 25, 0, 0, 41, 33, 41, 0, 0, 0, 8, 41, 0, 39, 0, 0, 0, 0, 0, 0, 0, 24, 0, 0, 0, 0, 41, 5, 41, 13, 14, 9, 14, 41, 0, 0, 41, 41, 0, 41","36, 0, 40, 40, 14, 12, 0, 17, 32, 34, 38, 0, 26, 4, 11, 41, 23, 34, 8, 34, 0, 30, 6, 0, 39, 38, 13, 21, 37, 13, 4, 0, 22, 18, 26, 5, 35, 0, 25, 0, 41, 0, 0, 18, 27, 24, 1, 14, 27, 9",1,15
64,N_50_PL_0.25_R_0.25_V_9,"0, 22, 0, 0, 0, 0, 10, 41, 0, 0, 0, 25, 0, 0, 41, 33, 41, 0, 0, 0, 8, 41, 0, 39, 0, 0, 0, 0, 0, 0, 0, 24, 0, 0, 0, 0, 41, 5, 41, 13, 14, 9, 14, 41, 0, 0, 41, 41, 0, 41","36, 0, 40, 40, 14, 12, 0, 17, 32, 34, 38, 0, 26, 4, 11, 41, 23, 34, 8, 34, 0, 30, 6, 0, 39, 38, 13, 21, 37, 13, 4, 0, 22, 18, 26, 5, 35, 0, 25, 0, 41, 0, 0, 18, 27, 24, 1, 14, 27, 9",5,14
64,N_50_PL_0.25_R_0.25_V_9,"0, 22, 0, 0, 0, 0, 10, 41, 0, 0, 0, 25, 0, 0, 41, 33, 41, 0, 0, 0, 8, 41, 0, 39, 0, 0, 0, 0, 0, 0, 0, 24, 0, 0, 0, 0, 41, 5, 41, 13, 14, 9, 14, 41, 0, 0, 41, 41, 0, 41","36, 0, 40, 40, 14, 12, 0, 17, 32, 34, 38, 0, 26, 4, 11, 41, 23, 34, 8, 34, 0, 30, 6, 0, 39, 38, 13, 21, 37, 13, 4, 0, 22, 18, 26, 5, 35, 0, 25, 0, 41, 0, 0, 18, 27, 24, 1, 14, 27, 9",10,14
64,N_50_PL_0.25_R_0.25_V_9,"0, 22, 0, 0, 0, 0, 10, 41, 0, 0, 0, 25, 0, 0, 41, 33, 41, 0, 0, 0, 8, 41, 0, 39, 0, 0, 0, 0, 0, 0, 0, 24, 0, 0, 0, 0, 41, 5, 41, 13, 14, 9, 14, 41, 0, 0, 41, 41, 0, 41","36, 0, 40, 40, 14, 12, 0, 17, 32, 34, 38, 0, 26, 4, 11, 41, 23, 34, 8, 34, 0, 30, 6, 0, 39, 38, 13, 21, 37, 13, 4, 0, 22, 18, 26, 5, 35, 0, 25, 0, 41, 0, 0, 18, 27, 24, 1, 14, 27, 9",20,14
65,N_50_PL_0.25_R_0.5_V_5,"0, 16, 35, 0, 29, 0, 18, 0, 11, 0, 23, 19, 20, 34, 0, 0, 0, 0, 25, 0, 0, 0, 40, 41, 1, 0, 33, 41, 41, 37, 8, 36, 0, 0, 33, 18, 0, 30, 21, 0, 0, 5, 1, 41, 41, 3, 28, 41, 18, 0","2, 41, 0, 3, 0, 28, 0, 34, 0, 29, 0, 0, 0, 0, 26, 16, 1, 39, 41, 23, 12, 34, 0, 24, 0, 33, 0, 39, 27, 41, 41, 0, 11, 37, 0, 0, 10, 0, 0, 37, 37, 0, 0, 8, 39, 41, 41, 37, 0, 31",1,18
65,N_50_PL_0.25_R_0.5_V_5,"0, 16, 35, 0, 29, 0, 18, 0, 11, 0, 23, 19, 20, 34, 0, 0, 0, 0, 25, 0, 0, 0, 40, 41, 1, 0, 33, 41, 41, 37, 8, 36, 0, 0, 33, 18, 0, 30, 21, 0, 0, 5, 1, 41, 41, 3, 28, 41, 18, 0","2, 41, 0, 3, 0, 28, 0, 34, 0, 29, 0, 0, 0, 0, 26, 16, 1, 39, 41, 23, 12, 34, 0, 24, 0, 33, 0, 39, 27, 41, 41, 0, 11, 37, 0, 0, 10, 0, 0, 37, 37, 0, 0, 8, 39, 41, 41, 37, 0, 31",5,19
65,N_50_PL_0.25_R_0.5_V_5,"0, 16, 35, 0, 29, 0, 18, 0, 11, 0, 23, 19, 20, 34, 0, 0, 0, 0, 25, 0, 0, 0, 40, 41, 1, 0, 33, 41, 41, 37, 8, 36, 0, 0, 33, 18, 0, 30, 21, 0, 0, 5, 1, 41, 41, 3, 28, 41, 18, 0","2, 41, 0, 3, 0, 28, 0, 34, 0, 29, 0, 0, 0, 0, 26, 16, 1, 39, 41, 23, 12, 34, 0, 24, 0, 33, 0, 39, 27, 41, 41, 0, 11, 37, 0, 0, 10, 0, 0, 37, 37, 0, 0, 8, 39, 41, 41, 37, 0, 31",10,18
65,N_50_PL_0.25_R_0.5_V_5,"0, 16, 35, 0, 29, 0, 18, 0, 11, 0, 23, 19, 20, 34, 0, 0, 0, 0, 25, 0, 0, 0, 40, 41, 1, 0, 33, 41, 41, 37, 8, 36, 0, 0, 33, 18, 0, 30, 21, 0, 0, 5, 1, 41, 41, 3, 28, 41, 18, 0","2, 41, 0, 3, 0, 28, 0, 34, 0, 29, 0, 0, 0, 0, 26, 16, 1, 39, 41, 23, 12, 34, 0, 24, 0, 33, 0, 39, 27, 41, 41, 0, 11, 37, 0, 0, 10, 0, 0, 37, 37, 0, 0, 8, 39, 41, 41, 37, 0, 31",20,19
66,N_50_PL_0.25_R_0.5_V_6,"0, 6, 31, 18, 40, 0, 5, 41, 0, 41, 10, 0, 5, 41, 27, 33, 41, 15, 9, 35, 0, 41, 24, 41, 37, 0, 26, 0, 5, 35, 0, 20, 14, 0, 0, 38, 0, 0, 41, 0, 5, 12, 0, 11, 0, 0, 5, 0, 0, 37","20, 0, 0, 0, 0, 29, 0, 10, 20, 25, 0, 15, 0, 14, 0, 0, 25, 0, 0, 0, 28, 36, 0, 15, 41, 10, 41, 38, 0, 0, 36, 0, 0, 4, 9, 41, 30, 7, 3, 1, 41, 0, 32, 0, 5, 30, 41, 33, 39, 0",1,15
66,N_50_PL_0.25_R_0.5_V_6,"0, 6, 31, 18, 40, 0, 5, 41, 0, 41, 10, 0, 5, 41, 27, 33, 41, 15, 9, 35, 0, 41, 24, 41, 37, 0, 26, 0, 5, 35, 0, 20, 14, 0, 0, 38, 0, 0, 41, 0, 5, 12, 0, 11, 0, 0, 5, 0, 0, 37","20, 0, 0, 0, 0, 29, 0, 10, 20, 25, 0, 15, 0, 14, 0, 0, 25, 0, 0, 0, 28, 36, 0, 15, 41, 10, 41, 38, 0, 0, 36, 0, 0, 4, 9, 41, 30, 7, 3, 1, 41, 0, 32, 0, 5, 30, 41, 33, 39, 0",5,15
66,N_50_PL_0.25_R_0.5_V_6,"0, 6, 31, 18, 40, 0, 5, 41, 0, 41, 10, 0, 5, 41, 27, 33, 41, 15, 9, 35, 0, 41, 24, 41, 37, 0, 26, 0, 5, 35, 0, 20, 14, 0, 0, 38, 0, 0, 41, 0, 5, 12, 0, 11, 0, 0, 5, 0, 0, 37","20, 0, 0, 0, 0, 29, 0, 10, 20, 25, 0, 15, 0, 14, 0, 0, 25, 0, 0, 0, 28, 36, 0, 15, 41, 10, 41, 38, 0, 0, 36, 0, 0, 4, 9, 41, 30, 7, 3, 1, 41, 0, 32, 0, 5, 30, 41, 33, 39, 0",10,15
66,N_50_PL_0.25_R_0.5_V_6,"0, 6, 31, 18, 40, 0, 5, 41, 0, 41, 10, 0, 5, 41, 27, 33, 41, 15, 9, 35, 0, 41, 24, 41, 37, 0, 26, 0, 5, 35, 0, 20, 14, 0, 0, 38, 0, 0, 41, 0, 5, 12, 0, 11, 0, 0, 5, 0, 0, 37","20, 0, 0, 0, 0, 29, 0, 10, 20, 25, 0, 15, 0, 14, 0, 0, 25, 0, 0, 0, 28, 36, 0, 15, 41, 10, 41, 38, 0, 0, 36, 0, 0, 4, 9, 41, 30, 7, 3, 1, 41, 0, 32, 0, 5, 30, 41, 33, 39, 0",20,14
67,N_50_PL_0.25_R_0.5_V_7,"34, 8, 0, 33, 6, 0, 0, 41, 2, 0, 0, 11, 41, 41, 31, 0, 9, 12, 7, 35, 23, 9, 0, 0, 35, 27, 21, 0, 41, 0, 31, 0, 41, 40, 23, 0, 6, 0, 0, 40, 0, 0, 41, 34, 11, 41, 41, 0, 35, 28","0, 0, 26, 0, 0, 2, 25, 38, 0, 18, 1, 0, 36, 16, 41, 10, 0, 0, 0, 0, 0, 0, 3, 12, 0, 0, 0, 4, 29, 7, 0, 7, 7, 0, 0, 27, 0, 38, 22, 0, 28, 19, 8, 41, 0, 36, 20, 25, 41, 41",1,16
67,N_50_PL_0.25_R_0.5_V_7,"34, 8, 0, 33, 6, 0, 0, 41, 2, 0, 0, 11, 41, 41, 31, 0, 9, 12, 7, 35, 23, 9, 0, 0, 35, 27, 21, 0, 41, 0, 31, 0, 41, 40, 23, 0, 6, 0, 0, 40, 0, 0, 41, 34, 11, 41, 41, 0, 35, 28","0, 0, 26, 0, 0, 2, 25, 38, 0, 18, 1, 0, 36, 16, 41, 10, 0, 0, 0, 0, 0, 0, 3, 12, 0, 0, 0, 4, 29, 7, 0, 7, 7, 0, 0, 27, 0, 38, 22, 0, 28, 19, 8, 41, 0, 36, 20, 25, 41, 41",5,14
67,N_50_PL_0.25_R_0.5_V_7,"34, 8, 0, 33, 6, 0, 0, 41, 2, 0, 0, 11, 41, 41, 31, 0, 9, 12, 7, 35, 23, 9, 0, 0, 35, 27, 21, 0, 41, 0, 31, 0, 41, 40, 23, 0, 6, 0, 0, 40, 0, 0, 41, 34, 11, 41, 41, 0, 35, 28","0, 0, 26, 0, 0, 2, 25, 38, 0, 18, 1, 0, 36, 16, 41, 10, 0, 0, 0, 0, 0, 0, 3, 12, 0, 0, 0, 4, 29, 7, 0, 7, 7, 0, 0, 27, 0, 38, 22, 0, 28, 19, 8, 41, 0, 36, 20, 25, 41, 41",10,12
67,N_50_PL_0.25_R_0.5_V_7,"34, 8, 0, 33, 6, 0, 0, 41, 2, 0, 0, 11, 41, 41, 31, 0, 9, 12, 7, 35, 23, 9, 0, 0, 35, 27, 21, 0, 41, 0, 31, 0, 41, 40, 23, 0, 6, 0, 0, 40, 0, 0, 41, 34, 11, 41, 41, 0, 35, 28","0, 0, 26, 0, 0, 2, 25, 38, 0, 18, 1, 0, 36, 16, 41, 10, 0, 0, 0, 0, 0, 0, 3, 12, 0, 0, 0, 4, 29, 7, 0, 7, 7, 0, 0, 27, 0, 38, 22, 0, 28, 19, 8, 41, 0, 36, 20, 25, 41, 41",20,12
68,N_50_PL_0.25_R_0.5_V_8,"0, 0, 14, 19, 31, 0, 38, 0, 15, 23, 1, 0, 25, 0, 41, 0, 0, 8, 0, 36, 41, 9, 0, 37, 41, 31, 0, 29, 30, 0, 0, 0, 41, 26, 0, 41, 41, 12, 30, 6, 19, 18, 30, 0, 20, 0, 0, 13, 0, 31","20, 24, 0, 0, 0, 21, 41, 11, 0, 0, 0, 21, 41, 5, 31, 31, 9, 0, 22, 0, 26, 0, 38, 0, 18, 41, 2, 0, 0, 34, 14, 22, 28, 0, 27, 6, 18, 0, 0, 0, 0, 41, 0, 17, 41, 15, 37, 0, 2, 41",1,15
68,N_50_PL_0.25_R_0.5_V_8,"0, 0, 14, 19, 31, 0, 38, 0, 15, 23, 1, 0, 25, 0, 41, 0, 0, 8, 0, 36, 41, 9, 0, 37, 41, 31, 0, 29, 30, 0, 0, 0, 41, 26, 0, 41, 41, 12, 30, 6, 19, 18, 30, 0, 20, 0, 0, 13, 0, 31","20, 24, 0, 0, 0, 21, 41, 11, 0, 0, 0, 21, 41, 5, 31, 31, 9, 0, 22, 0, 26, 0, 38, 0, 18, 41, 2, 0, 0, 34, 14, 22, 28, 0, 27, 6, 18, 0, 0, 0, 0, 41, 0, 17, 41, 15, 37, 0, 2, 41",5,15
68,N_50_PL_0.25_R_0.5_V_8,"0, 0, 14, 19, 31, 0, 38, 0, 15, 23, 1, 0, 25, 0, 41, 0, 0, 8, 0, 36, 41, 9, 0, 37, 41, 31, 0, 29, 30, 0, 0, 0, 41, 26, 0, 41, 41, 12, 30, 6, 19, 18, 30, 0, 20, 0, 0, 13, 0, 31","20, 24, 0, 0, 0, 21, 41, 11, 0, 0, 0, 21, 41, 5, 31, 31, 9, 0, 22, 0, 26, 0, 38, 0, 18, 41, 2, 0, 0, 34, 14, 22, 28, 0, 27, 6, 18, 0, 0, 0, 0, 41, 0, 17, 41, 15, 37, 0, 2, 41",10,17
68,N_50_PL_0.25_R_0.5_V_8,"0, 0, 14, 19, 31, 0, 38, 0, 15, 23, 1, 0, 25, 0, 41, 0, 0, 8, 0, 36, 41, 9, 0, 37, 41, 31, 0, 29, 30, 0, 0, 0, 41, 26, 0, 41, 41, 12, 30, 6, 19, 18, 30, 0, 20, 0, 0, 13, 0, 31","20, 24, 0, 0, 0, 21, 41, 11, 0, 0, 0, 21, 41, 5, 31, 31, 9, 0, 22, 0, 26, 0, 38, 0, 18, 41, 2, 0, 0, 34, 14, 22, 28, 0, 27, 6, 18, 0, 0, 0, 0, 41, 0, 17, 41, 15, 37, 0, 2, 41",20,17
69,N_50_PL_0.25_R_0.5_V_9,"0, 0, 32, 33, 39, 1, 29, 0, 21, 5, 41, 4, 0, 41, 0, 0, 4, 39, 0, 3, 32, 41, 0, 41, 36, 12, 29, 5, 41, 0, 5, 0, 0, 26, 0, 0, 2, 13, 5, 25, 0, 0, 31, 36, 0, 0, 4, 0, 0, 0","21, 1, 41, 0, 0, 0, 41, 23, 0, 0, 38, 0, 16, 34, 33, 29, 41, 41, 8, 41, 0, 25, 33, 33, 0, 0, 0, 0, 21, 32, 0, 23, 20, 0, 5, 6, 0, 0, 0, 0, 14, 3, 41, 41, 37, 14, 0, 19, 4, 39",1,14
69,N_50_PL_0.25_R_0.5_V_9,"0, 0, 32, 33, 39, 1, 29, 0, 21, 5, 41, 4, 0, 41, 0, 0, 4, 39, 0, 3, 32, 41, 0, 41, 36, 12, 29, 5, 41, 0, 5, 0, 0, 26, 0, 0, 2, 13, 5, 25, 0, 0, 31, 36, 0, 0, 4, 0, 0, 0","21, 1, 41, 0, 0, 0, 41, 23, 0, 0, 38, 0, 16, 34, 33, 29, 41, 41, 8, 41, 0, 25, 33, 33, 0, 0, 0, 0, 21, 32, 0, 23, 20, 0, 5, 6, 0, 0, 0, 0, 14, 3, 41, 41, 37, 14, 0, 19, 4, 39",5,14
69,N_50_PL_0.25_R_0.5_V_9,"0, 0, 32, 33, 39, 1, 29, 0, 21, 5, 41, 4, 0, 41, 0, 0, 4, 39, 0, 3, 32, 41, 0, 41, 36, 12, 29, 5, 41, 0, 5, 0, 0, 26, 0, 0, 2, 13, 5, 25, 0, 0, 31, 36, 0, 0, 4, 0, 0, 0","21, 1, 41, 0, 0, 0, 41, 23, 0, 0, 38, 0, 16, 34, 33, 29, 41, 41, 8, 41, 0, 25, 33, 33, 0, 0, 0, 0, 21, 32, 0, 23, 20, 0, 5, 6, 0, 0, 0, 0, 14, 3, 41, 41, 37, 14, 0, 19, 4, 39",10,14
69,N_50_PL_0.25_R_0.5_V_9,"0, 0, 32, 33, 39, 1, 29, 0, 21, 5, 41, 4, 0, 41, 0, 0, 4, 39, 0, 3, 32, 41, 0, 41, 36, 12, 29, 5, 41, 0, 5, 0, 0, 26, 0, 0, 2, 13, 5, 25, 0, 0, 31, 36, 0, 0, 4, 0, 0, 0","21, 1, 41, 0, 0, 0, 41, 23, 0, 0, 38, 0, 16, 34, 33, 29, 41, 41, 8, 41, 0, 25, 33, 33, 0, 0, 0, 0, 21, 32, 0, 23, 20, 0, 5, 6, 0, 0, 0, 0, 14, 3, 41, 41, 37, 14, 0, 19, 4, 39",20,14
70,N_50_PL_0.25_R_0.75_V_5,"20, 12, 11, 0, 36, 29, 29, 0, 0, 14, 0, 0, 9, 0, 35, 13, 16, 0, 40, 2, 0, 38, 13, 11, 35, 35, 7, 0, 4, 1, 38, 38, 19, 2, 4, 41, 15, 1, 37, 34, 9, 41, 7, 1, 39, 20, 14, 23, 0, 0","41, 0, 0, 29, 0, 0, 0, 23, 15, 0, 36, 5, 0, 38, 41, 0, 41, 4, 0, 0, 22, 41, 41, 0, 0, 0, 0, 34, 0, 0, 0, 0, 0, 0, 0, 23, 0, 0, 41, 0, 0, 3, 0, 41, 41, 41, 41, 0, 27, 40",1,15
70,N_50_PL_0.25_R_0.75_V_5,"20, 12, 11, 0, 36, 29, 29, 0, 0, 14, 0, 0, 9, 0, 35, 13, 16, 0, 40, 2, 0, 38, 13, 11, 35, 35, 7, 0, 4, 1, 38, 38, 19, 2, 4, 41, 15, 1, 37, 34, 9, 41, 7, 1, 39, 20, 14, 23, 0, 0","41, 0, 0, 29, 0, 0, 0, 23, 15, 0, 36, 5, 0, 38, 41, 0, 41, 4, 0, 0, 22, 41, 41, 0, 0, 0, 0, 34, 0, 0, 0, 0, 0, 0, 0, 23, 0, 0, 41, 0, 0, 3, 0, 41, 41, 41, 41, 0, 27, 40",5,14
70,N_50_PL_0.25_R_0.75_V_5,"20, 12, 11, 0, 36, 29, 29, 0, 0, 14, 0, 0, 9, 0, 35, 13, 16, 0, 40, 2, 0, 38, 13, 11, 35, 35, 7, 0, 4, 1, 38, 38, 19, 2, 4, 41, 15, 1, 37, 34, 9, 41, 7, 1, 39, 20, 14, 23, 0, 0","41, 0, 0, 29, 0, 0, 0, 23, 15, 0, 36, 5, 0, 38, 41, 0, 41, 4, 0, 0, 22, 41, 41, 0, 0, 0, 0, 34, 0, 0, 0, 0, 0, 0, 0, 23, 0, 0, 41, 0, 0, 3, 0, 41, 41, 41, 41, 0, 27, 40",10,13
70,N_50_PL_0.25_R_0.75_V_5,"20, 12, 11, 0, 36, 29, 29, 0, 0, 14, 0, 0, 9, 0, 35, 13, 16, 0, 40, 2, 0, 38, 13, 11, 35, 35, 7, 0, 4, 1, 38, 38, 19, 2, 4, 41, 15, 1, 37, 34, 9, 41, 7, 1, 39, 20, 14, 23, 0, 0","41, 0, 0, 29, 0, 0, 0, 23, 15, 0, 36, 5, 0, 38, 41, 0, 41, 4, 0, 0, 22, 41, 41, 0, 0, 0, 0, 34, 0, 0, 0, 0, 0, 0, 0, 23, 0, 0, 41, 0, 0, 3, 0, 41, 41, 41, 41, 0, 27, 40",20,13
71,N_50_PL_0.25_R_0.75_V_6,"15, 39, 20, 29, 0, 38, 0, 0, 5, 41, 23, 39, 34, 15, 38, 37, 27, 0, 40, 33, 9, 16, 40, 15, 10, 0, 41, 8, 26, 19, 0, 0, 0, 0, 26, 41, 4, 13, 0, 8, 30, 1, 4, 9, 32, 10, 26, 30, 11, 18","0, 0, 0, 0, 2, 0, 28, 10, 0, 17, 0, 0, 0, 0, 0, 41, 41, 4, 41, 0, 41, 0, 0, 0, 0, 15, 4, 0, 0, 41, 8, 11, 24, 8, 41, 23, 0, 0, 30, 0, 0, 0, 0, 41, 0, 0, 0, 0, 41, 41",1,14
71,N_50_PL_0.25_R_0.75_V_6,"15, 39, 20, 29, 0, 38, 0, 0, 5, 41, 23, 39, 34, 15, 38, 37, 27, 0, 40, 33, 9, 16, 40, 15, 10, 0, 41, 8, 26, 19, 0, 0, 0, 0, 26, 41, 4, 13, 0, 8, 30, 1, 4, 9, 32, 10, 26, 30, 11, 18","0, 0, 0, 0, 2, 0, 28, 10, 0, 17, 0, 0, 0, 0, 0, 41, 41, 4, 41, 0, 41, 0, 0, 0, 0, 15, 4, 0, 0, 41, 8, 11, 24, 8, 41, 23, 0, 0, 30, 0, 0, 0, 0, 41, 0, 0, 0, 0, 41, 41",5,13
71,N_50_PL_0.25_R_0.75_V_6,"15, 39, 20, 29, 0, 38, 0, 0, 5, 41, 23, 39, 34, 15, 38, 37, 27, 0, 40, 33, 9, 16, 40, 15, 10, 0, 41, 8, 26, 19, 0, 0, 0, 0, 26, 41, 4, 13, 0, 8, 30, 1, 4, 9, 32, 10, 26, 30, 11, 18","0, 0, 0, 0, 2, 0, 28, 10, 0, 17, 0, 0, 0, 0, 0, 41, 41, 4, 41, 0, 41, 0, 0, 0, 0, 15, 4, 0, 0, 41, 8, 11, 24, 8, 41, 23, 0, 0, 30, 0, 0, 0, 0, 41, 0, 0, 0, 0, 41, 41",10,13
71,N_50_PL_0.25_R_0.75_V_6,"15, 39, 20, 29, 0, 38, 0, 0, 5, 41, 23, 39, 34, 15, 38, 37, 27, 0, 40, 33, 9, 16, 40, 15, 10, 0, 41, 8, 26, 19, 0, 0, 0, 0, 26, 41, 4, 13, 0, 8, 30, 1, 4, 9, 32, 10, 26, 30, 11, 18","0, 0, 0, 0, 2, 0, 28, 10, 0, 17, 0, 0, 0, 0, 0, 41, 41, 4, 41, 0, 41, 0, 0, 0, 0, 15, 4, 0, 0, 41, 8, 11, 24, 8, 41, 23, 0, 0, 30, 0, 0, 0, 0, 41, 0, 0, 0, 0, 41, 41",20,11
72,N_50_PL_0.25_R_0.75_V_7,"4, 28, 12, 36, 2, 41, 6, 39, 16, 14, 0, 33, 14, 14, 34, 4, 27, 19, 16, 27, 0, 27, 7, 9, 19, 0, 0, 24, 31, 25, 0, 41, 0, 39, 41, 25, 5, 12, 16, 0, 37, 0, 17, 41, 1, 5, 5, 20, 8, 0","0, 0, 0, 41, 0, 27, 0, 0, 41, 0, 19, 41, 0, 0, 0, 0, 41, 0, 0, 0, 5, 0, 41, 0, 41, 12, 2, 0, 0, 0, 28, 36, 15, 0, 37, 0, 0, 0, 0, 20, 0, 11, 0, 24, 41, 0, 0, 0, 41, 33",1,12
72,N_50_PL_0.25_R_0.75_V_7,"4, 28, 12, 36, 2, 41, 6, 39, 16, 14, 0, 33, 14, 14, 34, 4, 27, 19, 16, 27, 0, 27, 7, 9, 19, 0, 0, 24, 31, 25, 0, 41, 0, 39, 41, 25, 5, 12, 16, 0, 37, 0, 17, 41, 1, 5, 5, 20, 8, 0","0, 0, 0, 41, 0, 27, 0, 0, 41, 0, 19, 41, 0, 0, 0, 0, 41, 0, 0, 0, 5, 0, 41, 0, 41, 12, 2, 0, 0, 0, 28, 36, 15, 0, 37, 0, 0, 0, 0, 20, 0, 11, 0, 24, 41, 0, 0, 0, 41, 33",5,12
72,N_50_PL_0.25_R_0.75_V_7,"4, 28, 12, 36, 2, 41, 6, 39, 16, 14, 0, 33, 14, 14, 34, 4, 27, 19, 16, 27, 0, 27, 7, 9, 19, 0, 0, 24, 31, 25, 0, 41, 0, 39, 41, 25, 5, 12, 16, 0, 37, 0, 17, 41, 1, 5, 5, 20, 8, 0","0, 0, 0, 41, 0, 27, 0, 0, 41, 0, 19, 41, 0, 0, 0, 0, 41, 0, 0, 0, 5, 0, 41, 0, 41, 12, 2, 0, 0, 0, 28, 36, 15, 0, 37, 0, 0, 0, 0, 20, 0, 11, 0, 24, 41, 0, 0, 0, 41, 33",10,12
72,N_50_PL_0.25_R_0.75_V_7,"4, 28, 12, 36, 2, 41, 6, 39, 16, 14, 0, 33, 14, 14, 34, 4, 27, 19, 16, 27, 0, 27, 7, 9, 19, 0, 0, 24, 31, 25, 0, 41, 0, 39, 41, 25, 5, 12, 16, 0, 37, 0, 17, 41, 1, 5, 5, 20, 8, 0","0, 0, 0, 41, 0, 27, 0, 0, 41, 0, 19, 41, 0, 0, 0, 0, 41, 0, 0, 0, 5, 0, 41, 0, 41, 12, 2, 0, 0, 0, 28, 36, 15, 0, 37, 0, 0, 0, 0, 20, 0, 11, 0, 24, 41, 0, 0, 0, 41, 33",20,14
73,N_50_PL_0.25_R_0.75_V_8,"5, 9, 21, 19, 0, 41, 3, 0, 0, 30, 32, 0, 16, 0, 22, 27, 9, 31, 15, 0, 19, 0, 22, 0, 37, 1, 10, 11, 26, 33, 24, 0, 0, 1, 20, 5, 10, 34, 8, 23, 29, 37, 32, 22, 12, 34, 0, 0, 36, 12","41, 0, 0, 0, 22, 22, 0, 11, 9, 41, 41, 10, 0, 6, 0, 41, 41, 0, 0, 35, 0, 36, 0, 1, 0, 0, 0, 0, 41, 41, 0, 38, 21, 41, 0, 0, 41, 0, 41, 0, 0, 0, 0, 0, 0, 0, 40, 23, 41, 0",1,15
73,N_50_PL_0.25_R_0.75_V_8,"5, 9, 21, 19, 0, 41, 3, 0, 0, 30, 32, 0, 16, 0, 22, 27, 9, 31, 15, 0, 19, 0, 22, 0, 37, 1, 10, 11, 26, 33, 24, 0, 0, 1, 20, 5, 10, 34, 8, 23, 29, 37, 32, 22, 12, 34, 0, 0, 36, 12","41, 0, 0, 0, 22, 22, 0, 11, 9, 41, 41, 10, 0, 6, 0, 41, 41, 0, 0, 35, 0, 36, 0, 1, 0, 0, 0, 0, 41, 41, 0, 38, 21, 41, 0, 0, 41, 0, 41, 0, 0, 0, 0, 0, 0, 0, 40, 23, 41, 0",5,15
73,N_50_PL_0.25_R_0.75_V_8,"5, 9, 21, 19, 0, 41, 3, 0, 0, 30, 32, 0, 16, 0, 22, 27, 9, 31, 15, 0, 19, 0, 22, 0, 37, 1, 10, 11, 26, 33, 24, 0, 0, 1, 20, 5, 10, 34, 8, 23, 29, 37, 32, 22, 12, 34, 0, 0, 36, 12","41, 0, 0, 0, 22, 22, 0, 11, 9, 41, 41, 10, 0, 6, 0, 41, 41, 0, 0, 35, 0, 36, 0, 1, 0, 0, 0, 0, 41, 41, 0, 38, 21, 41, 0, 0, 41, 0, 41, 0, 0, 0, 0, 0, 0, 0, 40, 23, 41, 0",10,13
73,N_50_PL_0.25_R_0.75_V_8,"5, 9, 21, 19, 0, 41, 3, 0, 0, 30, 32, 0, 16, 0, 22, 27, 9, 31, 15, 0, 19, 0, 22, 0, 37, 1, 10, 11, 26, 33, 24, 0, 0, 1, 20, 5, 10, 34, 8, 23, 29, 37, 32, 22, 12, 34, 0, 0, 36, 12","41, 0, 0, 0, 22, 22, 0, 11, 9, 41, 41, 10, 0, 6, 0, 41, 41, 0, 0, 35, 0, 36, 0, 1, 0, 0, 0, 0, 41, 41, 0, 38, 21, 41, 0, 0, 41, 0, 41, 0, 0, 0, 0, 0, 0, 0, 40, 23, 41, 0",20,16
74,N_50_PL_0.25_R_0.75_V_9,"15, 6, 38, 20, 32, 26, 40, 19, 8, 0, 0, 0, 41, 21, 11, 24, 31, 6, 5, 0, 5, 4, 0, 41, 31, 5, 0, 27, 21, 18, 0, 32, 0, 11, 29, 41, 30, 39, 16, 6, 36, 21, 6, 0, 15, 0, 16, 10, 3, 34","41, 41, 0, 41, 0, 0, 0, 41, 0, 22, 27, 40, 17, 0, 0, 0, 41, 0, 0, 11, 0, 0, 17, 17, 0, 0, 36, 41, 0, 0, 36, 0, 1, 0, 41, 34, 0, 41, 0, 0, 0, 0, 0, 1, 41, 24, 0, 0, 0, 0",1,15
74,N_50_PL_0.25_R_0.75_V_9,"15, 6, 38, 20, 32, 26, 40, 19, 8, 0, 0, 0, 41, 21, 11, 24, 31, 6, 5, 0, 5, 4, 0, 41, 31, 5, 0, 27, 21, 18, 0, 32, 0, 11, 29, 41, 30, 39, 16, 6, 36, 21, 6, 0, 15, 0, 16, 10, 3, 34","41, 41, 0, 41, 0, 0, 0, 41, 0, 22, 27, 40, 17, 0, 0, 0, 41, 0, 0, 11, 0, 0, 17, 17, 0, 0, 36, 41, 0, 0, 36, 0, 1, 0, 41, 34, 0, 41, 0, 0, 0, 0, 0, 1, 41, 24, 0, 0, 0, 0",5,14
74,N_50_PL_0.25_R_0.75_V_9,"15, 6, 38, 20, 32, 26, 40, 19, 8, 0, 0, 0, 41, 21, 11, 24, 31, 6, 5, 0, 5, 4, 0, 41, 31, 5, 0, 27, 21, 18, 0, 32, 0, 11, 29, 41, 30, 39, 16, 6, 36, 21, 6, 0, 15, 0, 16, 10, 3, 34","41, 41, 0, 41, 0, 0, 0, 41, 0, 22, 27, 40, 17, 0, 0, 0, 41, 0, 0, 11, 0, 0, 17, 17, 0, 0, 36, 41, 0, 0, 36, 0, 1, 0, 41, 34, 0, 41, 0, 0, 0, 0, 0, 1, 41, 24, 0, 0, 0, 0",10,13
74,N_50_PL_0.25_R_0.75_V_9,"15, 6, 38, 20, 32, 26, 40, 19, 8, 0, 0, 0, 41, 21, 11, 24, 31, 6, 5, 0, 5, 4, 0, 41, 31, 5, 0, 27, 21, 18, 0, 32, 0, 11, 29, 41, 30, 39, 16, 6, 36, 21, 6, 0, 15, 0, 16, 10, 3, 34","41, 41, 0, 41, 0, 0, 0, 41, 0, 22, 27, 40, 17, 0, 0, 0, 41, 0, 0, 11, 0, 0, 17, 17, 0, 0, 36, 41, 0, 0, 36, 0, 1, 0, 41, 34, 0, 41, 0, 0, 0, 0, 0, 1, 41, 24, 0, 0, 0, 0",20,12
75,N_50_PL_0.5_R_0.25_V_5,"41, 0, 41, 22, 41, 0, 41, 0, 41, 41, 41, 0, 0, 7, 0, 0, 0, 41, 20, 41, 7, 0, 41, 41, 0, 0, 23, 32, 0, 0, 0, 41, 41, 0, 6, 41, 4, 15, 41, 21, 30, 41, 41, 0, 0, 22, 41, 41, 0, 41","30, 5, 26, 0, 16, 21, 35, 21, 25, 26, 18, 6, 32, 41, 36, 9, 1, 6, 41, 40, 0, 37, 11, 32, 26, 11, 0, 0, 30, 6, 5, 12, 15, 15, 0, 30, 0, 41, 2, 41, 0, 6, 34, 23, 24, 41, 38, 36, 8, 38",1,21
75,N_50_PL_0.5_R_0.25_V_5,"41, 0, 41, 22, 41, 0, 41, 0, 41, 41, 41, 0, 0, 7, 0, 0, 0, 41, 20, 41, 7, 0, 41, 41, 0, 0, 23, 32, 0, 0, 0, 41, 41, 0, 6, 41, 4, 15, 41, 21, 30, 41, 41, 0, 0, 22, 41, 41, 0, 41","30, 5, 26, 0, 16, 21, 35, 21, 25, 26, 18, 6, 32, 41, 36, 9, 1, 6, 41, 40, 0, 37, 11, 32, 26, 11, 0, 0, 30, 6, 5, 12, 15, 15, 0, 30, 0, 41, 2, 41, 0, 6, 34, 23, 24, 41, 38, 36, 8, 38",5,22
75,N_50_PL_0.5_R_0.25_V_5,"41, 0, 41, 22, 41, 0, 41, 0, 41, 41, 41, 0, 0, 7, 0, 0, 0, 41, 20, 41, 7, 0, 41, 41, 0, 0, 23, 32, 0, 0, 0, 41, 41, 0, 6, 41, 4, 15, 41, 21, 30, 41, 41, 0, 0, 22, 41, 41, 0, 41","30, 5, 26, 0, 16, 21, 35, 21, 25, 26, 18, 6, 32, 41, 36, 9, 1, 6, 41, 40, 0, 37, 11, 32, 26, 11, 0, 0, 30, 6, 5, 12, 15, 15, 0, 30, 0, 41, 2, 41, 0, 6, 34, 23, 24, 41, 38, 36, 8, 38",10,21
75,N_50_PL_0.5_R_0.25_V_5,"41, 0, 41, 22, 41, 0, 41, 0, 41, 41, 41, 0, 0, 7, 0, 0, 0, 41, 20, 41, 7, 0, 41, 41, 0, 0, 23, 32, 0, 0, 0, 41, 41, 0, 6, 41, 4, 15, 41, 21, 30, 41, 41, 0, 0, 22, 41, 41, 0, 41","30, 5, 26, 0, 16, 21, 35, 21, 25, 26, 18, 6, 32, 41, 36, 9, 1, 6, 41, 40, 0, 37, 11, 32, 26, 11, 0, 0, 30, 6, 5, 12, 15, 15, 0, 30, 0, 41, 2, 41, 0, 6, 34, 23, 24, 41, 38, 36, 8, 38",20,21
76,N_50_PL_0.5_R_0.25_V_6,"41, 41, 26, 14, 0, 0, 0, 36, 0, 0, 24, 41, 9, 0, 41, 32, 41, 41, 0, 0, 0, 24, 41, 38, 41, 0, 41, 0, 41, 0, 0, 41, 0, 41, 41, 0, 0, 35, 0, 0, 0, 41, 0, 41, 19, 41, 41, 41, 13, 39","21, 30, 41, 41, 16, 22, 36, 0, 9, 16, 0, 5, 41, 12, 10, 41, 11, 1, 36, 18, 22, 0, 25, 41, 39, 16, 31, 25, 27, 40, 4, 18, 4, 15, 25, 27, 37, 41, 34, 5, 9, 4, 21, 30, 0, 30, 5, 38, 41, 0",1,20
76,N_50_PL_0.5_R_0.25_V_6,"41, 41, 26, 14, 0, 0, 0, 36, 0, 0, 24, 41, 9, 0, 41, 32, 41, 41, 0, 0, 0, 24, 41, 38, 41, 0, 41, 0, 41, 0, 0, 41, 0, 41, 41, 0, 0, 35, 0, 0, 0, 41, 0, 41, 19, 41, 41, 41, 13, 39","21, 30, 41, 41, 16, 22, 36, 0, 9, 16, 0, 5, 41, 12, 10, 41, 11, 1, 36, 18, 22, 0, 25, 41, 39, 16, 31, 25, 27, 40, 4, 18, 4, 15, 25, 27, 37, 41, 34, 5, 9, 4, 21, 30, 0, 30, 5, 38, 41, 0",5,21
76,N_50_PL_0.5_R_0.25_V_6,"41, 41, 26, 14, 0, 0, 0, 36, 0, 0, 24, 41, 9, 0, 41, 32, 41, 41, 0, 0, 0, 24, 41, 38, 41, 0, 41, 0, 41, 0, 0, 41, 0, 41, 41, 0, 0, 35, 0, 0, 0, 41, 0, 41, 19, 41, 41, 41, 13, 39","21, 30, 41, 41, 16, 22, 36, 0, 9, 16, 0, 5, 41, 12, 10, 41, 11, 1, 36, 18, 22, 0, 25, 41, 39, 16, 31, 25, 27, 40, 4, 18, 4, 15, 25, 27, 37, 41, 34, 5, 9, 4, 21, 30, 0, 30, 5, 38, 41, 0",10,21
76,N_50_PL_0.5_R_0.25_V_6,"41, 41, 26, 14, 0, 0, 0, 36, 0, 0, 24, 41, 9, 0, 41, 32, 41, 41, 0, 0, 0, 24, 41, 38, 41, 0, 41, 0, 41, 0, 0, 41, 0, 41, 41, 0, 0, 35, 0, 0, 0, 41, 0, 41, 19, 41, 41, 41, 13, 39","21, 30, 41, 41, 16, 22, 36, 0, 9, 16, 0, 5, 41, 12, 10, 41, 11, 1, 36, 18, 22, 0, 25, 41, 39, 16, 31, 25, 27, 40, 4, 18, 4, 15, 25, 27, 37, 41, 34, 5, 9, 4, 21, 30, 0, 30, 5, 38, 41, 0",20,24
77,N_50_PL_0.5_R_0.25_V_7,"0, 7, 7, 41, 0, 41, 10, 0, 0, 41, 41, 41, 41, 0, 0, 21, 41, 0, 0, 32, 0, 15, 41, 41, 41, 30, 0, 0, 41, 0, 0, 41, 0, 13, 41, 41, 0, 0, 41, 26, 41, 0, 0, 28, 21, 0, 0, 16, 41, 41","26, 41, 0, 17, 23, 9, 41, 29, 38, 19, 12, 39, 19, 25, 12, 0, 18, 20, 14, 41, 29, 0, 36, 13, 21, 0, 39, 16, 30, 40, 33, 22, 29, 41, 26, 16, 40, 40, 38, 0, 21, 36, 9, 41, 41, 38, 7, 41, 37, 30",1,19
77,N_50_PL_0.5_R_0.25_V_7,"0, 7, 7, 41, 0, 41, 10, 0, 0, 41, 41, 41, 41, 0, 0, 21, 41, 0, 0, 32, 0, 15, 41, 41, 41, 30, 0, 0, 41, 0, 0, 41, 0, 13, 41, 41, 0, 0, 41, 26, 41, 0, 0, 28, 21, 0, 0, 16, 41, 41","26, 41, 0, 17, 23, 9, 41, 29, 38, 19, 12, 39, 19, 25, 12, 0, 18, 20, 14, 41, 29, 0, 36, 13, 21, 0, 39, 16, 30, 40, 33, 22, 29, 41, 26, 16, 40, 40, 38, 0, 21, 36, 9, 41, 41, 38, 7, 41, 37, 30",5,21
77,N_50_PL_0.5_R_0.25_V_7,"0, 7, 7, 41, 0, 41, 10, 0, 0, 41, 41, 41, 41, 0, 0, 21, 41, 0, 0, 32, 0, 15, 41, 41, 41, 30, 0, 0, 41, 0, 0, 41, 0, 13, 41, 41, 0, 0, 41, 26, 41, 0, 0, 28, 21, 0, 0, 16, 41, 41","26, 41, 0, 17, 23, 9, 41, 29, 38, 19, 12, 39, 19, 25, 12, 0, 18, 20, 14, 41, 29, 0, 36, 13, 21, 0, 39, 16, 30, 40, 33, 22, 29, 41, 26, 16, 40, 40, 38, 0, 21, 36, 9, 41, 41, 38, 7, 41, 37, 30",10,21
77,N_50_PL_0.5_R_0.25_V_7,"0, 7, 7, 41, 0, 41, 10, 0, 0, 41, 41, 41, 41, 0, 0, 21, 41, 0, 0, 32, 0, 15, 41, 41, 41, 30, 0, 0, 41, 0, 0, 41, 0, 13, 41, 41, 0, 0, 41, 26, 41, 0, 0, 28, 21, 0, 0, 16, 41, 41","26, 41, 0, 17, 23, 9, 41, 29, 38, 19, 12, 39, 19, 25, 12, 0, 18, 20, 14, 41, 29, 0, 36, 13, 21, 0, 39, 16, 30, 40, 33, 22, 29, 41, 26, 16, 40, 40, 38, 0, 21, 36, 9, 41, 41, 38, 7, 41, 37, 30",20,21
78,N_50_PL_0.5_R_0.25_V_8,"37, 24, 33, 0, 0, 0, 41, 41, 20, 41, 41, 41, 0, 0, 5, 18, 41, 41, 37, 41, 41, 41, 0, 41, 41, 0, 41, 41, 33, 0, 0, 0, 0, 24, 0, 34, 41, 41, 33, 30, 41, 0, 41, 41, 0, 41, 0, 0, 0, 41","0, 41, 0, 26, 16, 27, 31, 38, 41, 38, 34, 2, 20, 1, 0, 0, 29, 9, 0, 19, 20, 38, 26, 9, 31, 38, 27, 17, 41, 17, 28, 31, 25, 41, 16, 0, 22, 26, 0, 0, 31, 26, 9, 8, 5, 21, 7, 12, 21, 3",1,23
78,N_50_PL_0.5_R_0.25_V_8,"37, 24, 33, 0, 0, 0, 41, 41, 20, 41, 41, 41, 0, 0, 5, 18, 41, 41, 37, 41, 41, 41, 0, 41, 41, 0, 41, 41, 33, 0, 0, 0, 0, 24, 0, 34, 41, 41, 33, 30, 41, 0, 41, 41, 0, 41, 0, 0, 0, 41","0, 41, 0, 26, 16, 27, 31, 38, 41, 38, 34, 2, 20, 1, 0, 0, 29, 9, 0, 19, 20, 38, 26, 9, 31, 38, 27, 17, 41, 17, 28, 31, 25, 41, 16, 0, 22, 26, 0, 0, 31, 26, 9, 8, 5, 21, 7, 12, 21, 3",5,24
78,N_50_PL_0.5_R_0.25_V_8,"37, 24, 33, 0, 0, 0, 41, 41, 20, 41, 41, 41, 0, 0, 5, 18, 41, 41, 37, 41, 41, 41, 0, 41, 41, 0, 41, 41, 33, 0, 0, 0, 0, 24, 0, 34, 41, 41, 33, 30, 41, 0, 41, 41, 0, 41, 0, 0, 0, 41","0, 41, 0, 26, 16, 27, 31, 38, 41, 38, 34, 2, 20, 1, 0, 0, 29, 9, 0, 19, 20, 38, 26, 9, 31, 38, 27, 17, 41, 17, 28, 31, 25, 41, 16, 0, 22, 26, 0, 0, 31, 26, 9, 8, 5, 21, 7, 12, 21, 3",10,22
78,N_50_PL_0.5_R_0.25_V_8,"37, 24, 33, 0, 0, 0, 41, 41, 20, 41, 41, 41, 0, 0, 5, 18, 41, 41, 37, 41, 41, 41, 0, 41, 41, 0, 41, 41, 33, 0, 0, 0, 0, 24, 0, 34, 41, 41, 33, 30, 41, 0, 41, 41, 0, 41, 0, 0, 0, 41","0, 41, 0, 26, 16, 27, 31, 38, 41, 38, 34, 2, 20, 1, 0, 0, 29, 9, 0, 19, 20, 38, 26, 9, 31, 38, 27, 17, 41, 17, 28, 31, 25, 41, 16, 0, 22, 26, 0, 0, 31, 26, 9, 8, 5, 21, 7, 12, 21, 3",20,21
79,N_50_PL_0.5_R_0.25_V_9,"41, 0, 0, 0, 31, 40, 0, 41, 41, 0, 18, 41, 0, 41, 41, 0, 0, 0, 41, 26, 0, 41, 4, 41, 0, 0, 41, 0, 0, 0, 0, 30, 41, 15, 9, 6, 0, 41, 41, 41, 0, 41, 16, 0, 41, 41, 5, 41, 41, 19","4, 18, 6, 11, 0, 41, 22, 21, 16, 5, 41, 35, 5, 34, 13, 35, 12, 1, 10, 0, 25, 16, 41, 37, 37, 10, 22, 8, 23, 1, 17, 41, 26, 0, 0, 0, 3, 8, 6, 25, 21, 10, 0, 19, 8, 7, 41, 35, 30, 41",1,21
79,N_50_PL_0.5_R_0.25_V_9,"41, 0, 0, 0, 31, 40, 0, 41, 41, 0, 18, 41, 0, 41, 41, 0, 0, 0, 41, 26, 0, 41, 4, 41, 0, 0, 41, 0, 0, 0, 0, 30, 41, 15, 9, 6, 0, 41, 41, 41, 0, 41, 16, 0, 41, 41, 5, 41, 41, 19","4, 18, 6, 11, 0, 41, 22, 21, 16, 5, 41, 35, 5, 34, 13, 35, 12, 1, 10, 0, 25, 16, 41, 37, 37, 10, 22, 8, 23, 1, 17, 41, 26, 0, 0, 0, 3, 8, 6, 25, 21, 10, 0, 19, 8, 7, 41, 35, 30, 41",5,19
79,N_50_PL_0.5_R_0.25_V_9,"41, 0, 0, 0, 31, 40, 0, 41, 41, 0, 18, 41, 0, 41, 41, 0, 0, 0, 41, 26, 0, 41, 4, 41, 0, 0, 41, 0, 0, 0, 0, 30, 41, 15, 9, 6, 0, 41, 41, 41, 0, 41, 16, 0, 41, 41, 5, 41, 41, 19","4, 18, 6, 11, 0, 41, 22, 21, 16, 5, 41, 35, 5, 34, 13, 35, 12, 1, 10, 0, 25, 16, 41, 37, 37, 10, 22, 8, 23, 1, 17, 41, 26, 0, 0, 0, 3, 8, 6, 25, 21, 10, 0, 19, 8, 7, 41, 35, 30, 41",10,19
79,N_50_PL_0.5_R_0.25_V_9,"41, 0, 0, 0, 31, 40, 0, 41, 41, 0, 18, 41, 0, 41, 41, 0, 0, 0, 41, 26, 0, 41, 4, 41, 0, 0, 41, 0, 0, 0, 0, 30, 41, 15, 9, 6, 0, 41, 41, 41, 0, 41, 16, 0, 41, 41, 5, 41, 41, 19","4, 18, 6, 11, 0, 41, 22, 21, 16, 5, 41, 35, 5, 34, 13, 35, 12, 1, 10, 0, 25, 16, 41, 37, 37, 10, 22, 8, 23, 1, 17, 41, 26, 0, 0, 0, 3, 8, 6, 25, 21, 10, 0, 19, 8, 7, 41, 35, 30, 41",20,18
80,N_50_PL_0.5_R_0.5_V_5,"28, 0, 41, 13, 32, 41, 41, 41, 36, 37, 22, 21, 0, 41, 0, 0, 41, 9, 24, 40, 0, 40, 41, 40, 19, 34, 18, 2, 41, 41, 0, 41, 6, 16, 0, 35, 0, 0, 41, 0, 41, 41, 21, 32, 41, 2, 8, 15, 0, 14","0, 20, 26, 0, 41, 12, 3, 25, 41, 41, 0, 0, 12, 22, 8, 13, 40, 0, 41, 41, 21, 0, 10, 41, 0, 0, 41, 41, 2, 8, 31, 7, 41, 0, 27, 41, 4, 12, 16, 13, 20, 31, 0, 0, 27, 41, 0, 0, 27, 0",1,20
80,N_50_PL_0.5_R_0.5_V_5,"28, 0, 41, 13, 32, 41, 41, 41, 36, 37, 22, 21, 0, 41, 0, 0, 41, 9, 24, 40, 0, 40, 41, 40, 19, 34, 18, 2, 41, 41, 0, 41, 6, 16, 0, 35, 0, 0, 41, 0, 41, 41, 21, 32, 41, 2, 8, 15, 0, 14","0, 20, 26, 0, 41, 12, 3, 25, 41, 41, 0, 0, 12, 22, 8, 13, 40, 0, 41, 41, 21, 0, 10, 41, 0, 0, 41, 41, 2, 8, 31, 7, 41, 0, 27, 41, 4, 12, 16, 13, 20, 31, 0, 0, 27, 41, 0, 0, 27, 0",5,20
80,N_50_PL_0.5_R_0.5_V_5,"28, 0, 41, 13, 32, 41, 41, 41, 36, 37, 22, 21, 0, 41, 0, 0, 41, 9, 24, 40, 0, 40, 41, 40, 19, 34, 18, 2, 41, 41, 0, 41, 6, 16, 0, 35, 0, 0, 41, 0, 41, 41, 21, 32, 41, 2, 8, 15, 0, 14","0, 20, 26, 0, 41, 12, 3, 25, 41, 41, 0, 0, 12, 22, 8, 13, 40, 0, 41, 41, 21, 0, 10, 41, 0, 0, 41, 41, 2, 8, 31, 7, 41, 0, 27, 41, 4, 12, 16, 13, 20, 31, 0, 0, 27, 41, 0, 0, 27, 0",10,20
80,N_50_PL_0.5_R_0.5_V_5,"28, 0, 41, 13, 32, 41, 41, 41, 36, 37, 22, 21, 0, 41, 0, 0, 41, 9, 24, 40, 0, 40, 41, 40, 19, 34, 18, 2, 41, 41, 0, 41, 6, 16, 0, 35, 0, 0, 41, 0, 41, 41, 21, 32, 41, 2, 8, 15, 0, 14","0, 20, 26, 0, 41, 12, 3, 25, 41, 41, 0, 0, 12, 22, 8, 13, 40, 0, 41, 41, 21, 0, 10, 41, 0, 0, 41, 41, 2, 8, 31, 7, 41, 0, 27, 41, 4, 12, 16, 13, 20, 31, 0, 0, 27, 41, 0, 0, 27, 0",20,21
81,N_50_PL_0.5_R_0.5_V_6,"0, 41, 13, 31, 0, 17, 0, 41, 5, 41, 41, 7, 0, 0, 41, 40, 0, 37, 0, 0, 2, 30, 15, 0, 2, 41, 19, 20, 23, 23, 41, 32, 26, 31, 31, 5, 41, 3, 41, 41, 29, 13, 3, 41, 0, 0, 0, 0, 0, 38","36, 21, 41, 0, 10, 41, 10, 11, 41, 20, 16, 41, 26, 9, 3, 41, 9, 0, 40, 25, 41, 41, 0, 14, 0, 19, 41, 41, 41, 41, 5, 0, 41, 0, 0, 0, 33, 41, 35, 29, 41, 0, 0, 15, 40, 40, 6, 13, 31, 0",1,20
81,N_50_PL_0.5_R_0.5_V_6,"0, 41, 13, 31, 0, 17, 0, 41, 5, 41, 41, 7, 0, 0, 41, 40, 0, 37, 0, 0, 2, 30, 15, 0, 2, 41, 19, 20, 23, 23, 41, 32, 26, 31, 31, 5, 41, 3, 41, 41, 29, 13, 3, 41, 0, 0, 0, 0, 0, 38","36, 21, 41, 0, 10, 41, 10, 11, 41, 20, 16, 41, 26, 9, 3, 41, 9, 0, 40, 25, 41, 41, 0, 14, 0, 19, 41, 41, 41, 41, 5, 0, 41, 0, 0, 0, 33, 41, 35, 29, 41, 0, 0, 15, 40, 40, 6, 13, 31, 0",5,19
81,N_50_PL_0.5_R_0.5_V_6,"0, 41, 13, 31, 0, 17, 0, 41, 5, 41, 41, 7, 0, 0, 41, 40, 0, 37, 0, 0, 2, 30, 15, 0, 2, 41, 19, 20, 23, 23, 41, 32, 26, 31, 31, 5, 41, 3, 41, 41, 29, 13, 3, 41, 0, 0, 0, 0, 0, 38","36, 21, 41, 0, 10, 41, 10, 11, 41, 20, 16, 41, 26, 9, 3, 41, 9, 0, 40, 25, 41, 41, 0, 14, 0, 19, 41, 41, 41, 41, 5, 0, 41, 0, 0, 0, 33, 41, 35, 29, 41, 0, 0, 15, 40, 40, 6, 13, 31, 0",10,19
81,N_50_PL_0.5_R_0.5_V_6,"0, 41, 13, 31, 0, 17, 0, 41, 5, 41, 41, 7, 0, 0, 41, 40, 0, 37, 0, 0, 2, 30, 15, 0, 2, 41, 19, 20, 23, 23, 41, 32, 26, 31, 31, 5, 41, 3, 41, 41, 29, 13, 3, 41, 0, 0, 0, 0, 0, 38","36, 21, 41, 0, 10, 41, 10, 11, 41, 20, 16, 41, 26, 9, 3, 41, 9, 0, 40, 25, 41, 41, 0, 14, 0, 19, 41, 41, 41, 41, 5, 0, 41, 0, 0, 0, 33, 41, 35, 29, 41, 0, 0, 15, 40, 40, 6, 13, 31, 0",20,19
82,N_50_PL_0.5_R_0.5_V_7,"3, 41, 41, 14, 0, 19, 41, 0, 41, 9, 41, 19, 29, 0, 41, 0, 0, 7, 19, 0, 7, 37, 8, 41, 0, 0, 15, 2, 3, 0, 0, 41, 0, 0, 21, 12, 41, 0, 17, 41, 0, 2, 27, 41, 14, 10, 34, 33, 2, 22","41, 31, 37, 41, 35, 0, 15, 6, 18, 41, 2, 0, 41, 22, 19, 26, 18, 0, 0, 20, 41, 0, 41, 7, 15, 20, 41, 41, 41, 7, 23, 3, 30, 29, 0, 41, 25, 5, 0, 27, 23, 0, 0, 12, 0, 41, 41, 41, 0, 41",1,19
82,N_50_PL_0.5_R_0.5_V_7,"3, 41, 41, 14, 0, 19, 41, 0, 41, 9, 41, 19, 29, 0, 41, 0, 0, 7, 19, 0, 7, 37, 8, 41, 0, 0, 15, 2, 3, 0, 0, 41, 0, 0, 21, 12, 41, 0, 17, 41, 0, 2, 27, 41, 14, 10, 34, 33, 2, 22","41, 31, 37, 41, 35, 0, 15, 6, 18, 41, 2, 0, 41, 22, 19, 26, 18, 0, 0, 20, 41, 0, 41, 7, 15, 20, 41, 41, 41, 7, 23, 3, 30, 29, 0, 41, 25, 5, 0, 27, 23, 0, 0, 12, 0, 41, 41, 41, 0, 41",5,19
82,N_50_PL_0.5_R_0.5_V_7,"3, 41, 41, 14, 0, 19, 41, 0, 41, 9, 41, 19, 29, 0, 41, 0, 0, 7, 19, 0, 7, 37, 8, 41, 0, 0, 15, 2, 3, 0, 0, 41, 0, 0, 21, 12, 41, 0, 17, 41, 0, 2, 27, 41, 14, 10, 34, 33, 2, 22","41, 31, 37, 41, 35, 0, 15, 6, 18, 41, 2, 0, 41, 22, 19, 26, 18, 0, 0, 20, 41, 0, 41, 7, 15, 20, 41, 41, 41, 7, 23, 3, 30, 29, 0, 41, 25, 5, 0, 27, 23, 0, 0, 12, 0, 41, 41, 41, 0, 41",10,19
82,N_50_PL_0.5_R_0.5_V_7,"3, 41, 41, 14, 0, 19, 41, 0, 41, 9, 41, 19, 29, 0, 41, 0, 0, 7, 19, 0, 7, 37, 8, 41, 0, 0, 15, 2, 3, 0, 0, 41, 0, 0, 21, 12, 41, 0, 17, 41, 0, 2, 27, 41, 14, 10, 34, 33, 2, 22","41, 31, 37, 41, 35, 0, 15, 6, 18, 41, 2, 0, 41, 22, 19, 26, 18, 0, 0, 20, 41, 0, 41, 7, 15, 20, 41, 41, 41, 7, 23, 3, 30, 29, 0, 41, 25, 5, 0, 27, 23, 0, 0, 12, 0, 41, 41, 41, 0, 41",20,19
83,N_50_PL_0.5_R_0.5_V_8,"35, 20, 35, 0, 40, 41, 31, 38, 5, 41, 35, 0, 15, 33, 36, 41, 41, 41, 41, 13, 41, 41, 30, 28, 25, 20, 33, 41, 21, 41, 17, 35, 1, 0, 41, 41, 6, 0, 41, 16, 0, 41, 4, 31, 41, 0, 41, 41, 0, 0","0, 41, 0, 5, 0, 14, 41, 0, 0, 26, 0, 6, 0, 0, 0, 25, 36, 24, 19, 0, 5, 40, 0, 0, 41, 41, 0, 22, 41, 5, 0, 41, 41, 32, 14, 32, 0, 13, 17, 41, 35, 30, 0, 0, 23, 26, 36, 31, 11, 17",1,22
83,N_50_PL_0.5_R_0.5_V_8,"35, 20, 35, 0, 40, 41, 31, 38, 5, 41, 35, 0, 15, 33, 36, 41, 41, 41, 41, 13, 41, 41, 30, 28, 25, 20, 33, 41, 21, 41, 17, 35, 1, 0, 41, 41, 6, 0, 41, 16, 0, 41, 4, 31, 41, 0, 41, 41, 0, 0","0, 41, 0, 5, 0, 14, 41, 0, 0, 26, 0, 6, 0, 0, 0, 25, 36, 24, 19, 0, 5, 40, 0, 0, 41, 41, 0, 22, 41, 5, 0, 41, 41, 32, 14, 32, 0, 13, 17, 41, 35, 30, 0, 0, 23, 26, 36, 31, 11, 17",5,22
83,N_50_PL_0.5_R_0.5_V_8,"35, 20, 35, 0, 40, 41, 31, 38, 5, 41, 35, 0, 15, 33, 36, 41, 41, 41, 41, 13, 41, 41, 30, 28, 25, 20, 33, 41, 21, 41, 17, 35, 1, 0, 41, 41, 6, 0, 41, 16, 0, 41, 4, 31, 41, 0, 41, 41, 0, 0","0, 41, 0, 5, 0, 14, 41, 0, 0, 26, 0, 6, 0, 0, 0, 25, 36, 24, 19, 0, 5, 40, 0, 0, 41, 41, 0, 22, 41, 5, 0, 41, 41, 32, 14, 32, 0, 13, 17, 41, 35, 30, 0, 0, 23, 26, 36, 31, 11, 17",10,22
83,N_50_PL_0.5_R_0.5_V_8,"35, 20, 35, 0, 40, 41, 31, 38, 5, 41, 35, 0, 15, 33, 36, 41, 41, 41, 41, 13, 41, 41, 30, 28, 25, 20, 33, 41, 21, 41, 17, 35, 1, 0, 41, 41, 6, 0, 41, 16, 0, 41, 4, 31, 41, 0, 41, 41, 0, 0","0, 41, 0, 5, 0, 14, 41, 0, 0, 26, 0, 6, 0, 0, 0, 25, 36, 24, 19, 0, 5, 40, 0, 0, 41, 41, 0, 22, 41, 5, 0, 41, 41, 32, 14, 32, 0, 13, 17, 41, 35, 30, 0, 0, 23, 26, 36, 31, 11, 17",20,21
84,N_50_PL_0.5_R_0.5_V_9,"27, 15, 3, 22, 31, 41, 40, 7, 26, 0, 0, 41, 17, 0, 41, 41, 0, 22, 41, 41, 12, 0, 29, 41, 0, 31, 41, 41, 0, 0, 7, 33, 35, 40, 41, 24, 1, 15, 0, 0, 0, 41, 0, 6, 41, 12, 16, 29, 0, 33","41, 41, 41, 41, 0, 14, 41, 0, 0, 17, 17, 1, 41, 34, 7, 15, 14, 0, 4, 4, 41, 35, 0, 7, 24, 41, 22, 15, 20, 30, 41, 0, 41, 0, 26, 41, 0, 41, 40, 34, 4, 3, 29, 0, 22, 0, 0, 0, 32, 41",1,21
84,N_50_PL_0.5_R_0.5_V_9,"27, 15, 3, 22, 31, 41, 40, 7, 26, 0, 0, 41, 17, 0, 41, 41, 0, 22, 41, 41, 12, 0, 29, 41, 0, 31, 41, 41, 0, 0, 7, 33, 35, 40, 41, 24, 1, 15, 0, 0, 0, 41, 0, 6, 41, 12, 16, 29, 0, 33","41, 41, 41, 41, 0, 14, 41, 0, 0, 17, 17, 1, 41, 34, 7, 15, 14, 0, 4, 4, 41, 35, 0, 7, 24, 41, 22, 15, 20, 30, 41, 0, 41, 0, 26, 41, 0, 41, 40, 34, 4, 3, 29, 0, 22, 0, 0, 0, 32, 41",5,20
84,N_50_PL_0.5_R_0.5_V_9,"27, 15, 3, 22, 31, 41, 40, 7, 26, 0, 0, 41, 17, 0, 41, 41, 0, 22, 41, 41, 12, 0, 29, 41, 0, 31, 41, 41, 0, 0, 7, 33, 35, 40, 41, 24, 1, 15, 0, 0, 0, 41, 0, 6, 41, 12, 16, 29, 0, 33","41, 41, 41, 41, 0, 14, 41, 0, 0, 17, 17, 1, 41, 34, 7, 15, 14, 0, 4, 4, 41, 35, 0, 7, 24, 41, 22, 15, 20, 30, 41, 0, 41, 0, 26, 41, 0, 41, 40, 34, 4, 3, 29, 0, 22, 0, 0, 0, 32, 41",10,20
84,N_50_PL_0.5_R_0.5_V_9,"27, 15, 3, 22, 31, 41, 40, 7, 26, 0, 0, 41, 17, 0, 41, 41, 0, 22, 41, 41, 12, 0, 29, 41, 0, 31, 41, 41, 0, 0, 7, 33, 35, 40, 41, 24, 1, 15, 0, 0, 0, 41, 0, 6, 41, 12, 16, 29, 0, 33","41, 41, 41, 41, 0, 14, 41, 0, 0, 17, 17, 1, 41, 34, 7, 15, 14, 0, 4, 4, 41, 35, 0, 7, 24, 41, 22, 15, 20, 30, 41, 0, 41, 0, 26, 41, 0, 41, 40, 34, 4, 3, 29, 0, 22, 0, 0, 0, 32, 41",20,22
85,N_50_PL_0.5_R_0.75_V_5,"7, 35, 18, 33, 4, 36, 41, 0, 17, 0, 25, 28, 34, 2, 4, 37, 38, 41, 21, 3, 35, 41, 20, 41, 32, 37, 41, 36, 41, 6, 14, 26, 0, 0, 0, 23, 10, 9, 8, 22, 30, 37, 3, 36, 28, 18, 4, 41, 41, 35","41, 0, 0, 41, 0, 41, 31, 38, 0, 8, 41, 0, 0, 0, 0, 0, 0, 9, 41, 0, 41, 5, 0, 20, 41, 0, 33, 0, 21, 0, 41, 0, 22, 10, 34, 41, 0, 41, 41, 41, 41, 41, 41, 0, 0, 41, 41, 35, 28, 0",1,20
85,N_50_PL_0.5_R_0.75_V_5,"7, 35, 18, 33, 4, 36, 41, 0, 17, 0, 25, 28, 34, 2, 4, 37, 38, 41, 21, 3, 35, 41, 20, 41, 32, 37, 41, 36, 41, 6, 14, 26, 0, 0, 0, 23, 10, 9, 8, 22, 30, 37, 3, 36, 28, 18, 4, 41, 41, 35","41, 0, 0, 41, 0, 41, 31, 38, 0, 8, 41, 0, 0, 0, 0, 0, 0, 9, 41, 0, 41, 5, 0, 20, 41, 0, 33, 0, 21, 0, 41, 0, 22, 10, 34, 41, 0, 41, 41, 41, 41, 41, 41, 0, 0, 41, 41, 35, 28, 0",5,20
85,N_50_PL_0.5_R_0.75_V_5,"7, 35, 18, 33, 4, 36, 41, 0, 17, 0, 25, 28, 34, 2, 4, 37, 38, 41, 21, 3, 35, 41, 20, 41, 32, 37, 41, 36, 41, 6, 14, 26, 0, 0, 0, 23, 10, 9, 8, 22, 30, 37, 3, 36, 28, 18, 4, 41, 41, 35","41, 0, 0, 41, 0, 41, 31, 38, 0, 8, 41, 0, 0, 0, 0, 0, 0, 9, 41, 0, 41, 5, 0, 20, 41, 0, 33, 0, 21, 0, 41, 0, 22, 10, 34, 41, 0, 41, 41, 41, 41, 41, 41, 0, 0, 41, 41, 35, 28, 0",10,20
85,N_50_PL_0.5_R_0.75_V_5,"7, 35, 18, 33, 4, 36, 41, 0, 17, 0, 25, 28, 34, 2, 4, 37, 38, 41, 21, 3, 35, 41, 20, 41, 32, 37, 41, 36, 41, 6, 14, 26, 0, 0, 0, 23, 10, 9, 8, 22, 30, 37, 3, 36, 28, 18, 4, 41, 41, 35","41, 0, 0, 41, 0, 41, 31, 38, 0, 8, 41, 0, 0, 0, 0, 0, 0, 9, 41, 0, 41, 5, 0, 20, 41, 0, 33, 0, 21, 0, 41, 0, 22, 10, 34, 41, 0, 41, 41, 41, 41, 41, 41, 0, 0, 41, 41, 35, 28, 0",20,20
86,N_50_PL_0.5_R_0.75_V_6,"29, 41, 41, 28, 0, 26, 18, 23, 1, 19, 34, 19, 8, 10, 41, 32, 34, 6, 15, 29, 33, 0, 31, 8, 0, 0, 32, 41, 32, 27, 41, 41, 25, 5, 0, 0, 17, 1, 41, 28, 10, 10, 19, 21, 37, 7, 18, 10, 1, 30","0, 15, 22, 0, 28, 41, 41, 41, 41, 0, 41, 0, 0, 0, 18, 41, 0, 41, 0, 0, 41, 21, 0, 41, 29, 5, 0, 27, 41, 41, 22, 34, 41, 0, 26, 37, 0, 41, 34, 0, 0, 41, 41, 41, 41, 0, 0, 0, 41, 0",1,21
86,N_50_PL_0.5_R_0.75_V_6,"29, 41, 41, 28, 0, 26, 18, 23, 1, 19, 34, 19, 8, 10, 41, 32, 34, 6, 15, 29, 33, 0, 31, 8, 0, 0, 32, 41, 32, 27, 41, 41, 25, 5, 0, 0, 17, 1, 41, 28, 10, 10, 19, 21, 37, 7, 18, 10, 1, 30","0, 15, 22, 0, 28, 41, 41, 41, 41, 0, 41, 0, 0, 0, 18, 41, 0, 41, 0, 0, 41, 21, 0, 41, 29, 5, 0, 27, 41, 41, 22, 34, 41, 0, 26, 37, 0, 41, 34, 0, 0, 41, 41, 41, 41, 0, 0, 0, 41, 0",5,21
86,N_50_PL_0.5_R_0.75_V_6,"29, 41, 41, 28, 0, 26, 18, 23, 1, 19, 34, 19, 8, 10, 41, 32, 34, 6, 15, 29, 33, 0, 31, 8, 0, 0, 32, 41, 32, 27, 41, 41, 25, 5, 0, 0, 17, 1, 41, 28, 10, 10, 19, 21, 37, 7, 18, 10, 1, 30","0, 15, 22, 0, 28, 41, 41, 41, 41, 0, 41, 0, 0, 0, 18, 41, 0, 41, 0, 0, 41, 21, 0, 41, 29, 5, 0, 27, 41, 41, 22, 34, 41, 0, 26, 37, 0, 41, 34, 0, 0, 41, 41, 41, 41, 0, 0, 0, 41, 0",10,21
86,N_50_PL_0.5_R_0.75_V_6,"29, 41, 41, 28, 0, 26, 18, 23, 1, 19, 34, 19, 8, 10, 41, 32, 34, 6, 15, 29, 33, 0, 31, 8, 0, 0, 32, 41, 32, 27, 41, 41, 25, 5, 0, 0, 17, 1, 41, 28, 10, 10, 19, 21, 37, 7, 18, 10, 1, 30","0, 15, 22, 0, 28, 41, 41, 41, 41, 0, 41, 0, 0, 0, 18, 41, 0, 41, 0, 0, 41, 21, 0, 41, 29, 5, 0, 27, 41, 41, 22, 34, 41, 0, 26, 37, 0, 41, 34, 0, 0, 41, 41, 41, 41, 0, 0, 0, 41, 0",20,21
87,N_50_PL_0.5_R_0.75_V_7,"40, 21, 39, 41, 5, 25, 16, 11, 16, 31, 29, 4, 8, 41, 9, 5, 38, 30, 27, 26, 0, 30, 29, 41, 32, 27, 32, 8, 8, 0, 0, 0, 12, 24, 6, 17, 41, 39, 39, 0, 0, 3, 20, 0, 4, 0, 6, 2, 27, 41","41, 0, 0, 13, 0, 41, 0, 0, 41, 41, 0, 41, 0, 38, 41, 41, 0, 41, 41, 41, 13, 41, 41, 20, 41, 41, 41, 0, 41, 21, 23, 30, 0, 0, 0, 41, 22, 0, 0, 18, 6, 41, 0, 4, 41, 8, 41, 0, 0, 39",1,22
87,N_50_PL_0.5_R_0.75_V_7,"40, 21, 39, 41, 5, 25, 16, 11, 16, 31, 29, 4, 8, 41, 9, 5, 38, 30, 27, 26, 0, 30, 29, 41, 32, 27, 32, 8, 8, 0, 0, 0, 12, 24, 6, 17, 41, 39, 39, 0, 0, 3, 20, 0, 4, 0, 6, 2, 27, 41","41, 0, 0, 13, 0, 41, 0, 0, 41, 41, 0, 41, 0, 38, 41, 41, 0, 41, 41, 41, 13, 41, 41, 20, 41, 41, 41, 0, 41, 21, 23, 30, 0, 0, 0, 41, 22, 0, 0, 18, 6, 41, 0, 4, 41, 8, 41, 0, 0, 39",5,22
87,N_50_PL_0.5_R_0.75_V_7,"40, 21, 39, 41, 5, 25, 16, 11, 16, 31, 29, 4, 8, 41, 9, 5, 38, 30, 27, 26, 0, 30, 29, 41, 32, 27, 32, 8, 8, 0, 0, 0, 12, 24, 6, 17, 41, 39, 39, 0, 0, 3, 20, 0, 4, 0, 6, 2, 27, 41","41, 0, 0, 13, 0, 41, 0, 0, 41, 41, 0, 41, 0, 38, 41, 41, 0, 41, 41, 41, 13, 41, 41, 20, 41, 41, 41, 0, 41, 21, 23, 30, 0, 0, 0, 41, 22, 0, 0, 18, 6, 41, 0, 4, 41, 8, 41, 0, 0, 39",10,21
87,N_50_PL_0.5_R_0.75_V_7,"40, 21, 39, 41, 5, 25, 16, 11, 16, 31, 29, 4, 8, 41, 9, 5, 38, 30, 27, 26, 0, 30, 29, 41, 32, 27, 32, 8, 8, 0, 0, 0, 12, 24, 6, 17, 41, 39, 39, 0, 0, 3, 20, 0, 4, 0, 6, 2, 27, 41","41, 0, 0, 13, 0, 41, 0, 0, 41, 41, 0, 41, 0, 38, 41, 41, 0, 41, 41, 41, 13, 41, 41, 20, 41, 41, 41, 0, 41, 21, 23, 30, 0, 0, 0, 41, 22, 0, 0, 18, 6, 41, 0, 4, 41, 8, 41, 0, 0, 39",20,21
88,N_50_PL_0.5_R_0.75_V_8,"0, 29, 8, 0, 31, 34, 2, 1, 21, 6, 41, 28, 24, 31, 30, 33, 18, 41, 13, 31, 20, 41, 3, 16, 0, 16, 41, 34, 26, 9, 35, 9, 39, 28, 0, 36, 3, 12, 41, 0, 30, 41, 12, 11, 5, 34, 41, 24, 41, 7","11, 41, 0, 2, 0, 0, 0, 0, 41, 0, 15, 0, 41, 0, 0, 0, 41, 36, 0, 41, 0, 30, 0, 41, 21, 41, 17, 0, 41, 0, 41, 41, 41, 0, 17, 41, 41, 41, 12, 35, 0, 2, 0, 41, 0, 41, 38, 0, 14, 41",1,20
88,N_50_PL_0.5_R_0.75_V_8,"0, 29, 8, 0, 31, 34, 2, 1, 21, 6, 41, 28, 24, 31, 30, 33, 18, 41, 13, 31, 20, 41, 3, 16, 0, 16, 41, 34, 26, 9, 35, 9, 39, 28, 0, 36, 3, 12, 41, 0, 30, 41, 12, 11, 5, 34, 41, 24, 41, 7","11, 41, 0, 2, 0, 0, 0, 0, 41, 0, 15, 0, 41, 0, 0, 0, 41, 36, 0, 41, 0, 30, 0, 41, 21, 41, 17, 0, 41, 0, 41, 41, 41, 0, 17, 41, 41, 41, 12, 35, 0, 2, 0, 41, 0, 41, 38, 0, 14, 41",5,21
88,N_50_PL_0.5_R_0.75_V_8,"0, 29, 8, 0, 31, 34, 2, 1, 21, 6, 41, 28, 24, 31, 30, 33, 18, 41, 13, 31, 20, 41, 3, 16, 0, 16, 41, 34, 26, 9, 35, 9, 39, 28, 0, 36, 3, 12, 41, 0, 30, 41, 12, 11, 5, 34, 41, 24, 41, 7","11, 41, 0, 2, 0, 0, 0, 0, 41, 0, 15, 0, 41, 0, 0, 0, 41, 36, 0, 41, 0, 30, 0, 41, 21, 41, 17, 0, 41, 0, 41, 41, 41, 0, 17, 41, 41, 41, 12, 35, 0, 2, 0, 41, 0, 41, 38, 0, 14, 41",10,21
88,N_50_PL_0.5_R_0.75_V_8,"0, 29, 8, 0, 31, 34, 2, 1, 21, 6, 41, 28, 24, 31, 30, 33, 18, 41, 13, 31, 20, 41, 3, 16, 0, 16, 41, 34, 26, 9, 35, 9, 39, 28, 0, 36, 3, 12, 41, 0, 30, 41, 12, 11, 5, 34, 41, 24, 41, 7","11, 41, 0, 2, 0, 0, 0, 0, 41, 0, 15, 0, 41, 0, 0, 0, 41, 36, 0, 41, 0, 30, 0, 41, 21, 41, 17, 0, 41, 0, 41, 41, 41, 0, 17, 41, 41, 41, 12, 35, 0, 2, 0, 41, 0, 41, 38, 0, 14, 41",20,21
89,N_50_PL_0.5_R_0.75_V_9,"13, 2, 28, 34, 41, 41, 10, 26, 3, 36, 41, 7, 15, 25, 41, 41, 41, 9, 34, 3, 38, 41, 28, 22, 0, 37, 0, 9, 3, 41, 41, 32, 26, 1, 5, 21, 0, 13, 39, 32, 5, 18, 0, 9, 2, 20, 16, 13, 4, 6","0, 0, 41, 0, 5, 21, 0, 0, 0, 0, 10, 0, 41, 41, 39, 3, 35, 41, 0, 41, 0, 4, 0, 41, 9, 0, 21, 0, 41, 24, 38, 41, 41, 0, 41, 0, 7, 41, 41, 0, 41, 0, 2, 41, 41, 0, 41, 0, 0, 0",1,20
89,N_50_PL_0.5_R_0.75_V_9,"13, 2, 28, 34, 41, 41, 10, 26, 3, 36, 41, 7, 15, 25, 41, 41, 41, 9, 34, 3, 38, 41, 28, 22, 0, 37, 0, 9, 3, 41, 41, 32, 26, 1, 5, 21, 0, 13, 39, 32, 5, 18, 0, 9, 2, 20, 16, 13, 4, 6","0, 0, 41, 0, 5, 21, 0, 0, 0, 0, 10, 0, 41, 41, 39, 3, 35, 41, 0, 41, 0, 4, 0, 41, 9, 0, 21, 0, 41, 24, 38, 41, 41, 0, 41, 0, 7, 41, 41, 0, 41, 0, 2, 41, 41, 0, 41, 0, 0, 0",5,20
89,N_50_PL_0.5_R_0.75_V_9,"13, 2, 28, 34, 41, 41, 10, 26, 3, 36, 41, 7, 15, 25, 41, 41, 41, 9, 34, 3, 38, 41, 28, 22, 0, 37, 0, 9, 3, 41, 41, 32, 26, 1, 5, 21, 0, 13, 39, 32, 5, 18, 0, 9, 2, 20, 16, 13, 4, 6","0, 0, 41, 0, 5, 21, 0, 0, 0, 0, 10, 0, 41, 41, 39, 3, 35, 41, 0, 41, 0, 4, 0, 41, 9, 0, 21, 0, 41, 24, 38, 41, 41, 0, 41, 0, 7, 41, 41, 0, 41, 0, 2, 41, 41, 0, 41, 0, 0, 0",10,21
89,N_50_PL_0.5_R_0.75_V_9,"13, 2, 28, 34, 41, 41, 10, 26, 3, 36, 41, 7, 15, 25, 41, 41, 41, 9, 34, 3, 38, 41, 28, 22, 0, 37, 0, 9, 3, 41, 41, 32, 26, 1, 5, 21, 0, 13, 39, 32, 5, 18, 0, 9, 2, 20, 16, 13, 4, 6","0, 0, 41, 0, 5, 21, 0, 0, 0, 0, 10, 0, 41, 41, 39, 3, 35, 41, 0, 41, 0, 4, 0, 41, 9, 0, 21, 0, 41, 24, 38, 41, 41, 0, 41, 0, 7, 41, 41, 0, 41, 0, 2, 41, 41, 0, 41, 0, 0, 0",20,15
